,capacity_policy,minfood_access_policy,ration_size_policy,day_access_policy,rerouting_policy,facility_refill_frequency,alpha,beta,gamma,epsilon,parallel_served_full,avg_interactions
0,0.0,0.0,30.0,0.0,0.0,0.0,0.0,0.0,3.0,0.1,6.0,20.0
1,0.0,0.0,30.0,0.0,1.0,0.0,0.0,0.0,3.0,0.1,6.0,20.0
2,0.0,0.0,30.0,0.0,2.0,0.0,0.0,0.0,3.0,0.1,6.0,20.0
3,0.0,0.0,30.0,0.0,3.0,0.0,0.0,0.0,3.0,0.1,6.0,20.0
4,1.0,0.0,30.0,0.0,0.0,0.0,0.0,0.0,3.0,0.1,6.0,20.0
5,1.0,0.0,30.0,0.0,1.0,0.0,0.0,0.0,3.0,0.1,6.0,20.0
6,1.0,0.0,30.0,0.0,2.0,0.0,0.0,0.0,3.0,0.1,6.0,20.0
7,1.0,0.0,30.0,0.0,3.0,0.0,0.0,0.0,3.0,0.1,6.0,20.0
8,2.0,0.0,30.0,0.0,0.0,0.0,0.0,0.0,3.0,0.1,6.0,20.0
9,2.0,0.0,30.0,0.0,1.0,0.0,0.0,0.0,3.0,0.1,6.0,20.0
10,2.0,0.0,30.0,0.0,2.0,0.0,0.0,0.0,3.0,0.1,6.0,20.0
11,2.0,0.0,30.0,0.0,3.0,0.0,0.0,0.0,3.0,0.1,6.0,20.0
12,0.0,0.0,30.0,0.0,0.0,0.0,0.0,0.0,3.0,0.1,7.4,20.0
13,0.0,0.0,30.0,0.0,1.0,0.0,0.0,0.0,3.0,0.1,7.4,20.0
14,0.0,0.0,30.0,0.0,2.0,0.0,0.0,0.0,3.0,0.1,7.4,20.0
15,0.0,0.0,30.0,0.0,3.0,0.0,0.0,0.0,3.0,0.1,7.4,20.0
16,1.0,0.0,30.0,0.0,0.0,0.0,0.0,0.0,3.0,0.1,7.4,20.0
17,1.0,0.0,30.0,0.0,1.0,0.0,0.0,0.0,3.0,0.1,7.4,20.0
18,1.0,0.0,30.0,0.0,2.0,0.0,0.0,0.0,3.0,0.1,7.4,20.0
19,1.0,0.0,30.0,0.0,3.0,0.0,0.0,0.0,3.0,0.1,7.4,20.0
20,2.0,0.0,30.0,0.0,0.0,0.0,0.0,0.0,3.0,0.1,7.4,20.0
21,2.0,0.0,30.0,0.0,1.0,0.0,0.0,0.0,3.0,0.1,7.4,20.0
22,2.0,0.0,30.0,0.0,2.0,0.0,0.0,0.0,3.0,0.1,7.4,20.0
23,2.0,0.0,30.0,0.0,3.0,0.0,0.0,0.0,3.0,0.1,7.4,20.0
24,0.0,0.0,30.0,0.0,0.0,0.0,0.0,0.0,3.0,0.5,6.0,20.0
25,0.0,0.0,30.0,0.0,1.0,0.0,0.0,0.0,3.0,0.5,6.0,20.0
26,0.0,0.0,30.0,0.0,2.0,0.0,0.0,0.0,3.0,0.5,6.0,20.0
27,0.0,0.0,30.0,0.0,3.0,0.0,0.0,0.0,3.0,0.5,6.0,20.0
28,1.0,0.0,30.0,0.0,0.0,0.0,0.0,0.0,3.0,0.5,6.0,20.0
29,1.0,0.0,30.0,0.0,1.0,0.0,0.0,0.0,3.0,0.5,6.0,20.0
30,1.0,0.0,30.0,0.0,2.0,0.0,0.0,0.0,3.0,0.5,6.0,20.0
31,1.0,0.0,30.0,0.0,3.0,0.0,0.0,0.0,3.0,0.5,6.0,20.0
32,2.0,0.0,30.0,0.0,0.0,0.0,0.0,0.0,3.0,0.5,6.0,20.0
33,2.0,0.0,30.0,0.0,1.0,0.0,0.0,0.0,3.0,0.5,6.0,20.0
34,2.0,0.0,30.0,0.0,2.0,0.0,0.0,0.0,3.0,0.5,6.0,20.0
35,2.0,0.0,30.0,0.0,3.0,0.0,0.0,0.0,3.0,0.5,6.0,20.0
36,0.0,0.0,30.0,0.0,0.0,0.0,0.0,0.0,3.0,0.5,7.4,20.0
37,0.0,0.0,30.0,0.0,1.0,0.0,0.0,0.0,3.0,0.5,7.4,20.0
38,0.0,0.0,30.0,0.0,2.0,0.0,0.0,0.0,3.0,0.5,7.4,20.0
39,0.0,0.0,30.0,0.0,3.0,0.0,0.0,0.0,3.0,0.5,7.4,20.0
40,1.0,0.0,30.0,0.0,0.0,0.0,0.0,0.0,3.0,0.5,7.4,20.0
41,1.0,0.0,30.0,0.0,1.0,0.0,0.0,0.0,3.0,0.5,7.4,20.0
42,1.0,0.0,30.0,0.0,2.0,0.0,0.0,0.0,3.0,0.5,7.4,20.0
43,1.0,0.0,30.0,0.0,3.0,0.0,0.0,0.0,3.0,0.5,7.4,20.0
44,2.0,0.0,30.0,0.0,0.0,0.0,0.0,0.0,3.0,0.5,7.4,20.0
45,2.0,0.0,30.0,0.0,1.0,0.0,0.0,0.0,3.0,0.5,7.4,20.0
46,2.0,0.0,30.0,0.0,2.0,0.0,0.0,0.0,3.0,0.5,7.4,20.0
47,2.0,0.0,30.0,0.0,3.0,0.0,0.0,0.0,3.0,0.5,7.4,20.0
48,0.0,0.0,30.0,0.0,0.0,0.0,0.0,0.0,3.0,1.0,6.0,20.0
49,0.0,0.0,30.0,0.0,1.0,0.0,0.0,0.0,3.0,1.0,6.0,20.0
50,0.0,0.0,30.0,0.0,2.0,0.0,0.0,0.0,3.0,1.0,6.0,20.0
51,0.0,0.0,30.0,0.0,3.0,0.0,0.0,0.0,3.0,1.0,6.0,20.0
52,1.0,0.0,30.0,0.0,0.0,0.0,0.0,0.0,3.0,1.0,6.0,20.0
53,1.0,0.0,30.0,0.0,1.0,0.0,0.0,0.0,3.0,1.0,6.0,20.0
54,1.0,0.0,30.0,0.0,2.0,0.0,0.0,0.0,3.0,1.0,6.0,20.0
55,1.0,0.0,30.0,0.0,3.0,0.0,0.0,0.0,3.0,1.0,6.0,20.0
56,2.0,0.0,30.0,0.0,0.0,0.0,0.0,0.0,3.0,1.0,6.0,20.0
57,2.0,0.0,30.0,0.0,1.0,0.0,0.0,0.0,3.0,1.0,6.0,20.0
58,2.0,0.0,30.0,0.0,2.0,0.0,0.0,0.0,3.0,1.0,6.0,20.0
59,2.0,0.0,30.0,0.0,3.0,0.0,0.0,0.0,3.0,1.0,6.0,20.0
60,0.0,0.0,30.0,0.0,0.0,0.0,0.0,0.0,3.0,1.0,7.4,20.0
61,0.0,0.0,30.0,0.0,1.0,0.0,0.0,0.0,3.0,1.0,7.4,20.0
62,0.0,0.0,30.0,0.0,2.0,0.0,0.0,0.0,3.0,1.0,7.4,20.0
63,0.0,0.0,30.0,0.0,3.0,0.0,0.0,0.0,3.0,1.0,7.4,20.0
64,1.0,0.0,30.0,0.0,0.0,0.0,0.0,0.0,3.0,1.0,7.4,20.0
65,1.0,0.0,30.0,0.0,1.0,0.0,0.0,0.0,3.0,1.0,7.4,20.0
66,1.0,0.0,30.0,0.0,2.0,0.0,0.0,0.0,3.0,1.0,7.4,20.0
67,1.0,0.0,30.0,0.0,3.0,0.0,0.0,0.0,3.0,1.0,7.4,20.0
68,2.0,0.0,30.0,0.0,0.0,0.0,0.0,0.0,3.0,1.0,7.4,20.0
69,2.0,0.0,30.0,0.0,1.0,0.0,0.0,0.0,3.0,1.0,7.4,20.0
70,2.0,0.0,30.0,0.0,2.0,0.0,0.0,0.0,3.0,1.0,7.4,20.0
71,2.0,0.0,30.0,0.0,3.0,0.0,0.0,0.0,3.0,1.0,7.4,20.0
72,0.0,0.0,30.0,0.0,0.0,0.0,0.0,0.0,7.0,0.1,6.0,20.0
73,0.0,0.0,30.0,0.0,1.0,0.0,0.0,0.0,7.0,0.1,6.0,20.0
74,0.0,0.0,30.0,0.0,2.0,0.0,0.0,0.0,7.0,0.1,6.0,20.0
75,0.0,0.0,30.0,0.0,3.0,0.0,0.0,0.0,7.0,0.1,6.0,20.0
76,1.0,0.0,30.0,0.0,0.0,0.0,0.0,0.0,7.0,0.1,6.0,20.0
77,1.0,0.0,30.0,0.0,1.0,0.0,0.0,0.0,7.0,0.1,6.0,20.0
78,1.0,0.0,30.0,0.0,2.0,0.0,0.0,0.0,7.0,0.1,6.0,20.0
79,1.0,0.0,30.0,0.0,3.0,0.0,0.0,0.0,7.0,0.1,6.0,20.0
80,2.0,0.0,30.0,0.0,0.0,0.0,0.0,0.0,7.0,0.1,6.0,20.0
81,2.0,0.0,30.0,0.0,1.0,0.0,0.0,0.0,7.0,0.1,6.0,20.0
82,2.0,0.0,30.0,0.0,2.0,0.0,0.0,0.0,7.0,0.1,6.0,20.0
83,2.0,0.0,30.0,0.0,3.0,0.0,0.0,0.0,7.0,0.1,6.0,20.0
84,0.0,0.0,30.0,0.0,0.0,0.0,0.0,0.0,7.0,0.1,7.4,20.0
85,0.0,0.0,30.0,0.0,1.0,0.0,0.0,0.0,7.0,0.1,7.4,20.0
86,0.0,0.0,30.0,0.0,2.0,0.0,0.0,0.0,7.0,0.1,7.4,20.0
87,0.0,0.0,30.0,0.0,3.0,0.0,0.0,0.0,7.0,0.1,7.4,20.0
88,1.0,0.0,30.0,0.0,0.0,0.0,0.0,0.0,7.0,0.1,7.4,20.0
89,1.0,0.0,30.0,0.0,1.0,0.0,0.0,0.0,7.0,0.1,7.4,20.0
90,1.0,0.0,30.0,0.0,2.0,0.0,0.0,0.0,7.0,0.1,7.4,20.0
91,1.0,0.0,30.0,0.0,3.0,0.0,0.0,0.0,7.0,0.1,7.4,20.0
92,2.0,0.0,30.0,0.0,0.0,0.0,0.0,0.0,7.0,0.1,7.4,20.0
93,2.0,0.0,30.0,0.0,1.0,0.0,0.0,0.0,7.0,0.1,7.4,20.0
94,2.0,0.0,30.0,0.0,2.0,0.0,0.0,0.0,7.0,0.1,7.4,20.0
95,2.0,0.0,30.0,0.0,3.0,0.0,0.0,0.0,7.0,0.1,7.4,20.0
96,0.0,0.0,30.0,0.0,0.0,0.0,0.0,0.0,7.0,0.5,6.0,20.0
97,0.0,0.0,30.0,0.0,1.0,0.0,0.0,0.0,7.0,0.5,6.0,20.0
98,0.0,0.0,30.0,0.0,2.0,0.0,0.0,0.0,7.0,0.5,6.0,20.0
99,0.0,0.0,30.0,0.0,3.0,0.0,0.0,0.0,7.0,0.5,6.0,20.0
100,1.0,0.0,30.0,0.0,0.0,0.0,0.0,0.0,7.0,0.5,6.0,20.0
101,1.0,0.0,30.0,0.0,1.0,0.0,0.0,0.0,7.0,0.5,6.0,20.0
102,1.0,0.0,30.0,0.0,2.0,0.0,0.0,0.0,7.0,0.5,6.0,20.0
103,1.0,0.0,30.0,0.0,3.0,0.0,0.0,0.0,7.0,0.5,6.0,20.0
104,2.0,0.0,30.0,0.0,0.0,0.0,0.0,0.0,7.0,0.5,6.0,20.0
105,2.0,0.0,30.0,0.0,1.0,0.0,0.0,0.0,7.0,0.5,6.0,20.0
106,2.0,0.0,30.0,0.0,2.0,0.0,0.0,0.0,7.0,0.5,6.0,20.0
107,2.0,0.0,30.0,0.0,3.0,0.0,0.0,0.0,7.0,0.5,6.0,20.0
108,0.0,0.0,30.0,0.0,0.0,0.0,0.0,0.0,7.0,0.5,7.4,20.0
109,0.0,0.0,30.0,0.0,1.0,0.0,0.0,0.0,7.0,0.5,7.4,20.0
110,0.0,0.0,30.0,0.0,2.0,0.0,0.0,0.0,7.0,0.5,7.4,20.0
111,0.0,0.0,30.0,0.0,3.0,0.0,0.0,0.0,7.0,0.5,7.4,20.0
112,1.0,0.0,30.0,0.0,0.0,0.0,0.0,0.0,7.0,0.5,7.4,20.0
113,1.0,0.0,30.0,0.0,1.0,0.0,0.0,0.0,7.0,0.5,7.4,20.0
114,1.0,0.0,30.0,0.0,2.0,0.0,0.0,0.0,7.0,0.5,7.4,20.0
115,1.0,0.0,30.0,0.0,3.0,0.0,0.0,0.0,7.0,0.5,7.4,20.0
116,2.0,0.0,30.0,0.0,0.0,0.0,0.0,0.0,7.0,0.5,7.4,20.0
117,2.0,0.0,30.0,0.0,1.0,0.0,0.0,0.0,7.0,0.5,7.4,20.0
118,2.0,0.0,30.0,0.0,2.0,0.0,0.0,0.0,7.0,0.5,7.4,20.0
119,2.0,0.0,30.0,0.0,3.0,0.0,0.0,0.0,7.0,0.5,7.4,20.0
120,0.0,0.0,30.0,0.0,0.0,0.0,0.0,0.0,7.0,1.0,6.0,20.0
121,0.0,0.0,30.0,0.0,1.0,0.0,0.0,0.0,7.0,1.0,6.0,20.0
122,0.0,0.0,30.0,0.0,2.0,0.0,0.0,0.0,7.0,1.0,6.0,20.0
123,0.0,0.0,30.0,0.0,3.0,0.0,0.0,0.0,7.0,1.0,6.0,20.0
124,1.0,0.0,30.0,0.0,0.0,0.0,0.0,0.0,7.0,1.0,6.0,20.0
125,1.0,0.0,30.0,0.0,1.0,0.0,0.0,0.0,7.0,1.0,6.0,20.0
126,1.0,0.0,30.0,0.0,2.0,0.0,0.0,0.0,7.0,1.0,6.0,20.0
127,1.0,0.0,30.0,0.0,3.0,0.0,0.0,0.0,7.0,1.0,6.0,20.0
128,2.0,0.0,30.0,0.0,0.0,0.0,0.0,0.0,7.0,1.0,6.0,20.0
129,2.0,0.0,30.0,0.0,1.0,0.0,0.0,0.0,7.0,1.0,6.0,20.0
130,2.0,0.0,30.0,0.0,2.0,0.0,0.0,0.0,7.0,1.0,6.0,20.0
131,2.0,0.0,30.0,0.0,3.0,0.0,0.0,0.0,7.0,1.0,6.0,20.0
132,0.0,0.0,30.0,0.0,0.0,0.0,0.0,0.0,7.0,1.0,7.4,20.0
133,0.0,0.0,30.0,0.0,1.0,0.0,0.0,0.0,7.0,1.0,7.4,20.0
134,0.0,0.0,30.0,0.0,2.0,0.0,0.0,0.0,7.0,1.0,7.4,20.0
135,0.0,0.0,30.0,0.0,3.0,0.0,0.0,0.0,7.0,1.0,7.4,20.0
136,1.0,0.0,30.0,0.0,0.0,0.0,0.0,0.0,7.0,1.0,7.4,20.0
137,1.0,0.0,30.0,0.0,1.0,0.0,0.0,0.0,7.0,1.0,7.4,20.0
138,1.0,0.0,30.0,0.0,2.0,0.0,0.0,0.0,7.0,1.0,7.4,20.0
139,1.0,0.0,30.0,0.0,3.0,0.0,0.0,0.0,7.0,1.0,7.4,20.0
140,2.0,0.0,30.0,0.0,0.0,0.0,0.0,0.0,7.0,1.0,7.4,20.0
141,2.0,0.0,30.0,0.0,1.0,0.0,0.0,0.0,7.0,1.0,7.4,20.0
142,2.0,0.0,30.0,0.0,2.0,0.0,0.0,0.0,7.0,1.0,7.4,20.0
143,2.0,0.0,30.0,0.0,3.0,0.0,0.0,0.0,7.0,1.0,7.4,20.0
144,0.0,0.0,30.0,0.0,0.0,0.0,0.0,0.5,3.0,0.1,6.0,20.0
145,0.0,0.0,30.0,0.0,1.0,0.0,0.0,0.5,3.0,0.1,6.0,20.0
146,0.0,0.0,30.0,0.0,2.0,0.0,0.0,0.5,3.0,0.1,6.0,20.0
147,0.0,0.0,30.0,0.0,3.0,0.0,0.0,0.5,3.0,0.1,6.0,20.0
148,1.0,0.0,30.0,0.0,0.0,0.0,0.0,0.5,3.0,0.1,6.0,20.0
149,1.0,0.0,30.0,0.0,1.0,0.0,0.0,0.5,3.0,0.1,6.0,20.0
150,1.0,0.0,30.0,0.0,2.0,0.0,0.0,0.5,3.0,0.1,6.0,20.0
151,1.0,0.0,30.0,0.0,3.0,0.0,0.0,0.5,3.0,0.1,6.0,20.0
152,2.0,0.0,30.0,0.0,0.0,0.0,0.0,0.5,3.0,0.1,6.0,20.0
153,2.0,0.0,30.0,0.0,1.0,0.0,0.0,0.5,3.0,0.1,6.0,20.0
154,2.0,0.0,30.0,0.0,2.0,0.0,0.0,0.5,3.0,0.1,6.0,20.0
155,2.0,0.0,30.0,0.0,3.0,0.0,0.0,0.5,3.0,0.1,6.0,20.0
156,0.0,0.0,30.0,0.0,0.0,0.0,0.0,0.5,3.0,0.1,7.4,20.0
157,0.0,0.0,30.0,0.0,1.0,0.0,0.0,0.5,3.0,0.1,7.4,20.0
158,0.0,0.0,30.0,0.0,2.0,0.0,0.0,0.5,3.0,0.1,7.4,20.0
159,0.0,0.0,30.0,0.0,3.0,0.0,0.0,0.5,3.0,0.1,7.4,20.0
160,1.0,0.0,30.0,0.0,0.0,0.0,0.0,0.5,3.0,0.1,7.4,20.0
161,1.0,0.0,30.0,0.0,1.0,0.0,0.0,0.5,3.0,0.1,7.4,20.0
162,1.0,0.0,30.0,0.0,2.0,0.0,0.0,0.5,3.0,0.1,7.4,20.0
163,1.0,0.0,30.0,0.0,3.0,0.0,0.0,0.5,3.0,0.1,7.4,20.0
164,2.0,0.0,30.0,0.0,0.0,0.0,0.0,0.5,3.0,0.1,7.4,20.0
165,2.0,0.0,30.0,0.0,1.0,0.0,0.0,0.5,3.0,0.1,7.4,20.0
166,2.0,0.0,30.0,0.0,2.0,0.0,0.0,0.5,3.0,0.1,7.4,20.0
167,2.0,0.0,30.0,0.0,3.0,0.0,0.0,0.5,3.0,0.1,7.4,20.0
168,0.0,0.0,30.0,0.0,0.0,0.0,0.0,0.5,3.0,0.5,6.0,20.0
169,0.0,0.0,30.0,0.0,1.0,0.0,0.0,0.5,3.0,0.5,6.0,20.0
170,0.0,0.0,30.0,0.0,2.0,0.0,0.0,0.5,3.0,0.5,6.0,20.0
171,0.0,0.0,30.0,0.0,3.0,0.0,0.0,0.5,3.0,0.5,6.0,20.0
172,1.0,0.0,30.0,0.0,0.0,0.0,0.0,0.5,3.0,0.5,6.0,20.0
173,1.0,0.0,30.0,0.0,1.0,0.0,0.0,0.5,3.0,0.5,6.0,20.0
174,1.0,0.0,30.0,0.0,2.0,0.0,0.0,0.5,3.0,0.5,6.0,20.0
175,1.0,0.0,30.0,0.0,3.0,0.0,0.0,0.5,3.0,0.5,6.0,20.0
176,2.0,0.0,30.0,0.0,0.0,0.0,0.0,0.5,3.0,0.5,6.0,20.0
177,2.0,0.0,30.0,0.0,1.0,0.0,0.0,0.5,3.0,0.5,6.0,20.0
178,2.0,0.0,30.0,0.0,2.0,0.0,0.0,0.5,3.0,0.5,6.0,20.0
179,2.0,0.0,30.0,0.0,3.0,0.0,0.0,0.5,3.0,0.5,6.0,20.0
180,0.0,0.0,30.0,0.0,0.0,0.0,0.0,0.5,3.0,0.5,7.4,20.0
181,0.0,0.0,30.0,0.0,1.0,0.0,0.0,0.5,3.0,0.5,7.4,20.0
182,0.0,0.0,30.0,0.0,2.0,0.0,0.0,0.5,3.0,0.5,7.4,20.0
183,0.0,0.0,30.0,0.0,3.0,0.0,0.0,0.5,3.0,0.5,7.4,20.0
184,1.0,0.0,30.0,0.0,0.0,0.0,0.0,0.5,3.0,0.5,7.4,20.0
185,1.0,0.0,30.0,0.0,1.0,0.0,0.0,0.5,3.0,0.5,7.4,20.0
186,1.0,0.0,30.0,0.0,2.0,0.0,0.0,0.5,3.0,0.5,7.4,20.0
187,1.0,0.0,30.0,0.0,3.0,0.0,0.0,0.5,3.0,0.5,7.4,20.0
188,2.0,0.0,30.0,0.0,0.0,0.0,0.0,0.5,3.0,0.5,7.4,20.0
189,2.0,0.0,30.0,0.0,1.0,0.0,0.0,0.5,3.0,0.5,7.4,20.0
190,2.0,0.0,30.0,0.0,2.0,0.0,0.0,0.5,3.0,0.5,7.4,20.0
191,2.0,0.0,30.0,0.0,3.0,0.0,0.0,0.5,3.0,0.5,7.4,20.0
192,0.0,0.0,30.0,0.0,0.0,0.0,0.0,0.5,3.0,1.0,6.0,20.0
193,0.0,0.0,30.0,0.0,1.0,0.0,0.0,0.5,3.0,1.0,6.0,20.0
194,0.0,0.0,30.0,0.0,2.0,0.0,0.0,0.5,3.0,1.0,6.0,20.0
195,0.0,0.0,30.0,0.0,3.0,0.0,0.0,0.5,3.0,1.0,6.0,20.0
196,1.0,0.0,30.0,0.0,0.0,0.0,0.0,0.5,3.0,1.0,6.0,20.0
197,1.0,0.0,30.0,0.0,1.0,0.0,0.0,0.5,3.0,1.0,6.0,20.0
198,1.0,0.0,30.0,0.0,2.0,0.0,0.0,0.5,3.0,1.0,6.0,20.0
199,1.0,0.0,30.0,0.0,3.0,0.0,0.0,0.5,3.0,1.0,6.0,20.0
200,2.0,0.0,30.0,0.0,0.0,0.0,0.0,0.5,3.0,1.0,6.0,20.0
201,2.0,0.0,30.0,0.0,1.0,0.0,0.0,0.5,3.0,1.0,6.0,20.0
202,2.0,0.0,30.0,0.0,2.0,0.0,0.0,0.5,3.0,1.0,6.0,20.0
203,2.0,0.0,30.0,0.0,3.0,0.0,0.0,0.5,3.0,1.0,6.0,20.0
204,0.0,0.0,30.0,0.0,0.0,0.0,0.0,0.5,3.0,1.0,7.4,20.0
205,0.0,0.0,30.0,0.0,1.0,0.0,0.0,0.5,3.0,1.0,7.4,20.0
206,0.0,0.0,30.0,0.0,2.0,0.0,0.0,0.5,3.0,1.0,7.4,20.0
207,0.0,0.0,30.0,0.0,3.0,0.0,0.0,0.5,3.0,1.0,7.4,20.0
208,1.0,0.0,30.0,0.0,0.0,0.0,0.0,0.5,3.0,1.0,7.4,20.0
209,1.0,0.0,30.0,0.0,1.0,0.0,0.0,0.5,3.0,1.0,7.4,20.0
210,1.0,0.0,30.0,0.0,2.0,0.0,0.0,0.5,3.0,1.0,7.4,20.0
211,1.0,0.0,30.0,0.0,3.0,0.0,0.0,0.5,3.0,1.0,7.4,20.0
212,2.0,0.0,30.0,0.0,0.0,0.0,0.0,0.5,3.0,1.0,7.4,20.0
213,2.0,0.0,30.0,0.0,1.0,0.0,0.0,0.5,3.0,1.0,7.4,20.0
214,2.0,0.0,30.0,0.0,2.0,0.0,0.0,0.5,3.0,1.0,7.4,20.0
215,2.0,0.0,30.0,0.0,3.0,0.0,0.0,0.5,3.0,1.0,7.4,20.0
216,0.0,0.0,30.0,0.0,0.0,0.0,0.0,0.5,7.0,0.1,6.0,20.0
217,0.0,0.0,30.0,0.0,1.0,0.0,0.0,0.5,7.0,0.1,6.0,20.0
218,0.0,0.0,30.0,0.0,2.0,0.0,0.0,0.5,7.0,0.1,6.0,20.0
219,0.0,0.0,30.0,0.0,3.0,0.0,0.0,0.5,7.0,0.1,6.0,20.0
220,1.0,0.0,30.0,0.0,0.0,0.0,0.0,0.5,7.0,0.1,6.0,20.0
221,1.0,0.0,30.0,0.0,1.0,0.0,0.0,0.5,7.0,0.1,6.0,20.0
222,1.0,0.0,30.0,0.0,2.0,0.0,0.0,0.5,7.0,0.1,6.0,20.0
223,1.0,0.0,30.0,0.0,3.0,0.0,0.0,0.5,7.0,0.1,6.0,20.0
224,2.0,0.0,30.0,0.0,0.0,0.0,0.0,0.5,7.0,0.1,6.0,20.0
225,2.0,0.0,30.0,0.0,1.0,0.0,0.0,0.5,7.0,0.1,6.0,20.0
226,2.0,0.0,30.0,0.0,2.0,0.0,0.0,0.5,7.0,0.1,6.0,20.0
227,2.0,0.0,30.0,0.0,3.0,0.0,0.0,0.5,7.0,0.1,6.0,20.0
228,0.0,0.0,30.0,0.0,0.0,0.0,0.0,0.5,7.0,0.1,7.4,20.0
229,0.0,0.0,30.0,0.0,1.0,0.0,0.0,0.5,7.0,0.1,7.4,20.0
230,0.0,0.0,30.0,0.0,2.0,0.0,0.0,0.5,7.0,0.1,7.4,20.0
231,0.0,0.0,30.0,0.0,3.0,0.0,0.0,0.5,7.0,0.1,7.4,20.0
232,1.0,0.0,30.0,0.0,0.0,0.0,0.0,0.5,7.0,0.1,7.4,20.0
233,1.0,0.0,30.0,0.0,1.0,0.0,0.0,0.5,7.0,0.1,7.4,20.0
234,1.0,0.0,30.0,0.0,2.0,0.0,0.0,0.5,7.0,0.1,7.4,20.0
235,1.0,0.0,30.0,0.0,3.0,0.0,0.0,0.5,7.0,0.1,7.4,20.0
236,2.0,0.0,30.0,0.0,0.0,0.0,0.0,0.5,7.0,0.1,7.4,20.0
237,2.0,0.0,30.0,0.0,1.0,0.0,0.0,0.5,7.0,0.1,7.4,20.0
238,2.0,0.0,30.0,0.0,2.0,0.0,0.0,0.5,7.0,0.1,7.4,20.0
239,2.0,0.0,30.0,0.0,3.0,0.0,0.0,0.5,7.0,0.1,7.4,20.0
240,0.0,0.0,30.0,0.0,0.0,0.0,0.0,0.5,7.0,0.5,6.0,20.0
241,0.0,0.0,30.0,0.0,1.0,0.0,0.0,0.5,7.0,0.5,6.0,20.0
242,0.0,0.0,30.0,0.0,2.0,0.0,0.0,0.5,7.0,0.5,6.0,20.0
243,0.0,0.0,30.0,0.0,3.0,0.0,0.0,0.5,7.0,0.5,6.0,20.0
244,1.0,0.0,30.0,0.0,0.0,0.0,0.0,0.5,7.0,0.5,6.0,20.0
245,1.0,0.0,30.0,0.0,1.0,0.0,0.0,0.5,7.0,0.5,6.0,20.0
246,1.0,0.0,30.0,0.0,2.0,0.0,0.0,0.5,7.0,0.5,6.0,20.0
247,1.0,0.0,30.0,0.0,3.0,0.0,0.0,0.5,7.0,0.5,6.0,20.0
248,2.0,0.0,30.0,0.0,0.0,0.0,0.0,0.5,7.0,0.5,6.0,20.0
249,2.0,0.0,30.0,0.0,1.0,0.0,0.0,0.5,7.0,0.5,6.0,20.0
250,2.0,0.0,30.0,0.0,2.0,0.0,0.0,0.5,7.0,0.5,6.0,20.0
251,2.0,0.0,30.0,0.0,3.0,0.0,0.0,0.5,7.0,0.5,6.0,20.0
252,0.0,0.0,30.0,0.0,0.0,0.0,0.0,0.5,7.0,0.5,7.4,20.0
253,0.0,0.0,30.0,0.0,1.0,0.0,0.0,0.5,7.0,0.5,7.4,20.0
254,0.0,0.0,30.0,0.0,2.0,0.0,0.0,0.5,7.0,0.5,7.4,20.0
255,0.0,0.0,30.0,0.0,3.0,0.0,0.0,0.5,7.0,0.5,7.4,20.0
256,1.0,0.0,30.0,0.0,0.0,0.0,0.0,0.5,7.0,0.5,7.4,20.0
257,1.0,0.0,30.0,0.0,1.0,0.0,0.0,0.5,7.0,0.5,7.4,20.0
258,1.0,0.0,30.0,0.0,2.0,0.0,0.0,0.5,7.0,0.5,7.4,20.0
259,1.0,0.0,30.0,0.0,3.0,0.0,0.0,0.5,7.0,0.5,7.4,20.0
260,2.0,0.0,30.0,0.0,0.0,0.0,0.0,0.5,7.0,0.5,7.4,20.0
261,2.0,0.0,30.0,0.0,1.0,0.0,0.0,0.5,7.0,0.5,7.4,20.0
262,2.0,0.0,30.0,0.0,2.0,0.0,0.0,0.5,7.0,0.5,7.4,20.0
263,2.0,0.0,30.0,0.0,3.0,0.0,0.0,0.5,7.0,0.5,7.4,20.0
264,0.0,0.0,30.0,0.0,0.0,0.0,0.0,0.5,7.0,1.0,6.0,20.0
265,0.0,0.0,30.0,0.0,1.0,0.0,0.0,0.5,7.0,1.0,6.0,20.0
266,0.0,0.0,30.0,0.0,2.0,0.0,0.0,0.5,7.0,1.0,6.0,20.0
267,0.0,0.0,30.0,0.0,3.0,0.0,0.0,0.5,7.0,1.0,6.0,20.0
268,1.0,0.0,30.0,0.0,0.0,0.0,0.0,0.5,7.0,1.0,6.0,20.0
269,1.0,0.0,30.0,0.0,1.0,0.0,0.0,0.5,7.0,1.0,6.0,20.0
270,1.0,0.0,30.0,0.0,2.0,0.0,0.0,0.5,7.0,1.0,6.0,20.0
271,1.0,0.0,30.0,0.0,3.0,0.0,0.0,0.5,7.0,1.0,6.0,20.0
272,2.0,0.0,30.0,0.0,0.0,0.0,0.0,0.5,7.0,1.0,6.0,20.0
273,2.0,0.0,30.0,0.0,1.0,0.0,0.0,0.5,7.0,1.0,6.0,20.0
274,2.0,0.0,30.0,0.0,2.0,0.0,0.0,0.5,7.0,1.0,6.0,20.0
275,2.0,0.0,30.0,0.0,3.0,0.0,0.0,0.5,7.0,1.0,6.0,20.0
276,0.0,0.0,30.0,0.0,0.0,0.0,0.0,0.5,7.0,1.0,7.4,20.0
277,0.0,0.0,30.0,0.0,1.0,0.0,0.0,0.5,7.0,1.0,7.4,20.0
278,0.0,0.0,30.0,0.0,2.0,0.0,0.0,0.5,7.0,1.0,7.4,20.0
279,0.0,0.0,30.0,0.0,3.0,0.0,0.0,0.5,7.0,1.0,7.4,20.0
280,1.0,0.0,30.0,0.0,0.0,0.0,0.0,0.5,7.0,1.0,7.4,20.0
281,1.0,0.0,30.0,0.0,1.0,0.0,0.0,0.5,7.0,1.0,7.4,20.0
282,1.0,0.0,30.0,0.0,2.0,0.0,0.0,0.5,7.0,1.0,7.4,20.0
283,1.0,0.0,30.0,0.0,3.0,0.0,0.0,0.5,7.0,1.0,7.4,20.0
284,2.0,0.0,30.0,0.0,0.0,0.0,0.0,0.5,7.0,1.0,7.4,20.0
285,2.0,0.0,30.0,0.0,1.0,0.0,0.0,0.5,7.0,1.0,7.4,20.0
286,2.0,0.0,30.0,0.0,2.0,0.0,0.0,0.5,7.0,1.0,7.4,20.0
287,2.0,0.0,30.0,0.0,3.0,0.0,0.0,0.5,7.0,1.0,7.4,20.0
288,0.0,0.0,30.0,0.0,0.0,0.0,0.0,1.0,3.0,0.1,6.0,20.0
289,0.0,0.0,30.0,0.0,1.0,0.0,0.0,1.0,3.0,0.1,6.0,20.0
290,0.0,0.0,30.0,0.0,2.0,0.0,0.0,1.0,3.0,0.1,6.0,20.0
291,0.0,0.0,30.0,0.0,3.0,0.0,0.0,1.0,3.0,0.1,6.0,20.0
292,1.0,0.0,30.0,0.0,0.0,0.0,0.0,1.0,3.0,0.1,6.0,20.0
293,1.0,0.0,30.0,0.0,1.0,0.0,0.0,1.0,3.0,0.1,6.0,20.0
294,1.0,0.0,30.0,0.0,2.0,0.0,0.0,1.0,3.0,0.1,6.0,20.0
295,1.0,0.0,30.0,0.0,3.0,0.0,0.0,1.0,3.0,0.1,6.0,20.0
296,2.0,0.0,30.0,0.0,0.0,0.0,0.0,1.0,3.0,0.1,6.0,20.0
297,2.0,0.0,30.0,0.0,1.0,0.0,0.0,1.0,3.0,0.1,6.0,20.0
298,2.0,0.0,30.0,0.0,2.0,0.0,0.0,1.0,3.0,0.1,6.0,20.0
299,2.0,0.0,30.0,0.0,3.0,0.0,0.0,1.0,3.0,0.1,6.0,20.0
300,0.0,0.0,30.0,0.0,0.0,0.0,0.0,1.0,3.0,0.1,7.4,20.0
301,0.0,0.0,30.0,0.0,1.0,0.0,0.0,1.0,3.0,0.1,7.4,20.0
302,0.0,0.0,30.0,0.0,2.0,0.0,0.0,1.0,3.0,0.1,7.4,20.0
303,0.0,0.0,30.0,0.0,3.0,0.0,0.0,1.0,3.0,0.1,7.4,20.0
304,1.0,0.0,30.0,0.0,0.0,0.0,0.0,1.0,3.0,0.1,7.4,20.0
305,1.0,0.0,30.0,0.0,1.0,0.0,0.0,1.0,3.0,0.1,7.4,20.0
306,1.0,0.0,30.0,0.0,2.0,0.0,0.0,1.0,3.0,0.1,7.4,20.0
307,1.0,0.0,30.0,0.0,3.0,0.0,0.0,1.0,3.0,0.1,7.4,20.0
308,2.0,0.0,30.0,0.0,0.0,0.0,0.0,1.0,3.0,0.1,7.4,20.0
309,2.0,0.0,30.0,0.0,1.0,0.0,0.0,1.0,3.0,0.1,7.4,20.0
310,2.0,0.0,30.0,0.0,2.0,0.0,0.0,1.0,3.0,0.1,7.4,20.0
311,2.0,0.0,30.0,0.0,3.0,0.0,0.0,1.0,3.0,0.1,7.4,20.0
312,0.0,0.0,30.0,0.0,0.0,0.0,0.0,1.0,3.0,0.5,6.0,20.0
313,0.0,0.0,30.0,0.0,1.0,0.0,0.0,1.0,3.0,0.5,6.0,20.0
314,0.0,0.0,30.0,0.0,2.0,0.0,0.0,1.0,3.0,0.5,6.0,20.0
315,0.0,0.0,30.0,0.0,3.0,0.0,0.0,1.0,3.0,0.5,6.0,20.0
316,1.0,0.0,30.0,0.0,0.0,0.0,0.0,1.0,3.0,0.5,6.0,20.0
317,1.0,0.0,30.0,0.0,1.0,0.0,0.0,1.0,3.0,0.5,6.0,20.0
318,1.0,0.0,30.0,0.0,2.0,0.0,0.0,1.0,3.0,0.5,6.0,20.0
319,1.0,0.0,30.0,0.0,3.0,0.0,0.0,1.0,3.0,0.5,6.0,20.0
320,2.0,0.0,30.0,0.0,0.0,0.0,0.0,1.0,3.0,0.5,6.0,20.0
321,2.0,0.0,30.0,0.0,1.0,0.0,0.0,1.0,3.0,0.5,6.0,20.0
322,2.0,0.0,30.0,0.0,2.0,0.0,0.0,1.0,3.0,0.5,6.0,20.0
323,2.0,0.0,30.0,0.0,3.0,0.0,0.0,1.0,3.0,0.5,6.0,20.0
324,0.0,0.0,30.0,0.0,0.0,0.0,0.0,1.0,3.0,0.5,7.4,20.0
325,0.0,0.0,30.0,0.0,1.0,0.0,0.0,1.0,3.0,0.5,7.4,20.0
326,0.0,0.0,30.0,0.0,2.0,0.0,0.0,1.0,3.0,0.5,7.4,20.0
327,0.0,0.0,30.0,0.0,3.0,0.0,0.0,1.0,3.0,0.5,7.4,20.0
328,1.0,0.0,30.0,0.0,0.0,0.0,0.0,1.0,3.0,0.5,7.4,20.0
329,1.0,0.0,30.0,0.0,1.0,0.0,0.0,1.0,3.0,0.5,7.4,20.0
330,1.0,0.0,30.0,0.0,2.0,0.0,0.0,1.0,3.0,0.5,7.4,20.0
331,1.0,0.0,30.0,0.0,3.0,0.0,0.0,1.0,3.0,0.5,7.4,20.0
332,2.0,0.0,30.0,0.0,0.0,0.0,0.0,1.0,3.0,0.5,7.4,20.0
333,2.0,0.0,30.0,0.0,1.0,0.0,0.0,1.0,3.0,0.5,7.4,20.0
334,2.0,0.0,30.0,0.0,2.0,0.0,0.0,1.0,3.0,0.5,7.4,20.0
335,2.0,0.0,30.0,0.0,3.0,0.0,0.0,1.0,3.0,0.5,7.4,20.0
336,0.0,0.0,30.0,0.0,0.0,0.0,0.0,1.0,3.0,1.0,6.0,20.0
337,0.0,0.0,30.0,0.0,1.0,0.0,0.0,1.0,3.0,1.0,6.0,20.0
338,0.0,0.0,30.0,0.0,2.0,0.0,0.0,1.0,3.0,1.0,6.0,20.0
339,0.0,0.0,30.0,0.0,3.0,0.0,0.0,1.0,3.0,1.0,6.0,20.0
340,1.0,0.0,30.0,0.0,0.0,0.0,0.0,1.0,3.0,1.0,6.0,20.0
341,1.0,0.0,30.0,0.0,1.0,0.0,0.0,1.0,3.0,1.0,6.0,20.0
342,1.0,0.0,30.0,0.0,2.0,0.0,0.0,1.0,3.0,1.0,6.0,20.0
343,1.0,0.0,30.0,0.0,3.0,0.0,0.0,1.0,3.0,1.0,6.0,20.0
344,2.0,0.0,30.0,0.0,0.0,0.0,0.0,1.0,3.0,1.0,6.0,20.0
345,2.0,0.0,30.0,0.0,1.0,0.0,0.0,1.0,3.0,1.0,6.0,20.0
346,2.0,0.0,30.0,0.0,2.0,0.0,0.0,1.0,3.0,1.0,6.0,20.0
347,2.0,0.0,30.0,0.0,3.0,0.0,0.0,1.0,3.0,1.0,6.0,20.0
348,0.0,0.0,30.0,0.0,0.0,0.0,0.0,1.0,3.0,1.0,7.4,20.0
349,0.0,0.0,30.0,0.0,1.0,0.0,0.0,1.0,3.0,1.0,7.4,20.0
350,0.0,0.0,30.0,0.0,2.0,0.0,0.0,1.0,3.0,1.0,7.4,20.0
351,0.0,0.0,30.0,0.0,3.0,0.0,0.0,1.0,3.0,1.0,7.4,20.0
352,1.0,0.0,30.0,0.0,0.0,0.0,0.0,1.0,3.0,1.0,7.4,20.0
353,1.0,0.0,30.0,0.0,1.0,0.0,0.0,1.0,3.0,1.0,7.4,20.0
354,1.0,0.0,30.0,0.0,2.0,0.0,0.0,1.0,3.0,1.0,7.4,20.0
355,1.0,0.0,30.0,0.0,3.0,0.0,0.0,1.0,3.0,1.0,7.4,20.0
356,2.0,0.0,30.0,0.0,0.0,0.0,0.0,1.0,3.0,1.0,7.4,20.0
357,2.0,0.0,30.0,0.0,1.0,0.0,0.0,1.0,3.0,1.0,7.4,20.0
358,2.0,0.0,30.0,0.0,2.0,0.0,0.0,1.0,3.0,1.0,7.4,20.0
359,2.0,0.0,30.0,0.0,3.0,0.0,0.0,1.0,3.0,1.0,7.4,20.0
360,0.0,0.0,30.0,0.0,0.0,0.0,0.0,1.0,7.0,0.1,6.0,20.0
361,0.0,0.0,30.0,0.0,1.0,0.0,0.0,1.0,7.0,0.1,6.0,20.0
362,0.0,0.0,30.0,0.0,2.0,0.0,0.0,1.0,7.0,0.1,6.0,20.0
363,0.0,0.0,30.0,0.0,3.0,0.0,0.0,1.0,7.0,0.1,6.0,20.0
364,1.0,0.0,30.0,0.0,0.0,0.0,0.0,1.0,7.0,0.1,6.0,20.0
365,1.0,0.0,30.0,0.0,1.0,0.0,0.0,1.0,7.0,0.1,6.0,20.0
366,1.0,0.0,30.0,0.0,2.0,0.0,0.0,1.0,7.0,0.1,6.0,20.0
367,1.0,0.0,30.0,0.0,3.0,0.0,0.0,1.0,7.0,0.1,6.0,20.0
368,2.0,0.0,30.0,0.0,0.0,0.0,0.0,1.0,7.0,0.1,6.0,20.0
369,2.0,0.0,30.0,0.0,1.0,0.0,0.0,1.0,7.0,0.1,6.0,20.0
370,2.0,0.0,30.0,0.0,2.0,0.0,0.0,1.0,7.0,0.1,6.0,20.0
371,2.0,0.0,30.0,0.0,3.0,0.0,0.0,1.0,7.0,0.1,6.0,20.0
372,0.0,0.0,30.0,0.0,0.0,0.0,0.0,1.0,7.0,0.1,7.4,20.0
373,0.0,0.0,30.0,0.0,1.0,0.0,0.0,1.0,7.0,0.1,7.4,20.0
374,0.0,0.0,30.0,0.0,2.0,0.0,0.0,1.0,7.0,0.1,7.4,20.0
375,0.0,0.0,30.0,0.0,3.0,0.0,0.0,1.0,7.0,0.1,7.4,20.0
376,1.0,0.0,30.0,0.0,0.0,0.0,0.0,1.0,7.0,0.1,7.4,20.0
377,1.0,0.0,30.0,0.0,1.0,0.0,0.0,1.0,7.0,0.1,7.4,20.0
378,1.0,0.0,30.0,0.0,2.0,0.0,0.0,1.0,7.0,0.1,7.4,20.0
379,1.0,0.0,30.0,0.0,3.0,0.0,0.0,1.0,7.0,0.1,7.4,20.0
380,2.0,0.0,30.0,0.0,0.0,0.0,0.0,1.0,7.0,0.1,7.4,20.0
381,2.0,0.0,30.0,0.0,1.0,0.0,0.0,1.0,7.0,0.1,7.4,20.0
382,2.0,0.0,30.0,0.0,2.0,0.0,0.0,1.0,7.0,0.1,7.4,20.0
383,2.0,0.0,30.0,0.0,3.0,0.0,0.0,1.0,7.0,0.1,7.4,20.0
384,0.0,0.0,30.0,0.0,0.0,0.0,0.0,1.0,7.0,0.5,6.0,20.0
385,0.0,0.0,30.0,0.0,1.0,0.0,0.0,1.0,7.0,0.5,6.0,20.0
386,0.0,0.0,30.0,0.0,2.0,0.0,0.0,1.0,7.0,0.5,6.0,20.0
387,0.0,0.0,30.0,0.0,3.0,0.0,0.0,1.0,7.0,0.5,6.0,20.0
388,1.0,0.0,30.0,0.0,0.0,0.0,0.0,1.0,7.0,0.5,6.0,20.0
389,1.0,0.0,30.0,0.0,1.0,0.0,0.0,1.0,7.0,0.5,6.0,20.0
390,1.0,0.0,30.0,0.0,2.0,0.0,0.0,1.0,7.0,0.5,6.0,20.0
391,1.0,0.0,30.0,0.0,3.0,0.0,0.0,1.0,7.0,0.5,6.0,20.0
392,2.0,0.0,30.0,0.0,0.0,0.0,0.0,1.0,7.0,0.5,6.0,20.0
393,2.0,0.0,30.0,0.0,1.0,0.0,0.0,1.0,7.0,0.5,6.0,20.0
394,2.0,0.0,30.0,0.0,2.0,0.0,0.0,1.0,7.0,0.5,6.0,20.0
395,2.0,0.0,30.0,0.0,3.0,0.0,0.0,1.0,7.0,0.5,6.0,20.0
396,0.0,0.0,30.0,0.0,0.0,0.0,0.0,1.0,7.0,0.5,7.4,20.0
397,0.0,0.0,30.0,0.0,1.0,0.0,0.0,1.0,7.0,0.5,7.4,20.0
398,0.0,0.0,30.0,0.0,2.0,0.0,0.0,1.0,7.0,0.5,7.4,20.0
399,0.0,0.0,30.0,0.0,3.0,0.0,0.0,1.0,7.0,0.5,7.4,20.0
400,1.0,0.0,30.0,0.0,0.0,0.0,0.0,1.0,7.0,0.5,7.4,20.0
401,1.0,0.0,30.0,0.0,1.0,0.0,0.0,1.0,7.0,0.5,7.4,20.0
402,1.0,0.0,30.0,0.0,2.0,0.0,0.0,1.0,7.0,0.5,7.4,20.0
403,1.0,0.0,30.0,0.0,3.0,0.0,0.0,1.0,7.0,0.5,7.4,20.0
404,2.0,0.0,30.0,0.0,0.0,0.0,0.0,1.0,7.0,0.5,7.4,20.0
405,2.0,0.0,30.0,0.0,1.0,0.0,0.0,1.0,7.0,0.5,7.4,20.0
406,2.0,0.0,30.0,0.0,2.0,0.0,0.0,1.0,7.0,0.5,7.4,20.0
407,2.0,0.0,30.0,0.0,3.0,0.0,0.0,1.0,7.0,0.5,7.4,20.0
408,0.0,0.0,30.0,0.0,0.0,0.0,0.0,1.0,7.0,1.0,6.0,20.0
409,0.0,0.0,30.0,0.0,1.0,0.0,0.0,1.0,7.0,1.0,6.0,20.0
410,0.0,0.0,30.0,0.0,2.0,0.0,0.0,1.0,7.0,1.0,6.0,20.0
411,0.0,0.0,30.0,0.0,3.0,0.0,0.0,1.0,7.0,1.0,6.0,20.0
412,1.0,0.0,30.0,0.0,0.0,0.0,0.0,1.0,7.0,1.0,6.0,20.0
413,1.0,0.0,30.0,0.0,1.0,0.0,0.0,1.0,7.0,1.0,6.0,20.0
414,1.0,0.0,30.0,0.0,2.0,0.0,0.0,1.0,7.0,1.0,6.0,20.0
415,1.0,0.0,30.0,0.0,3.0,0.0,0.0,1.0,7.0,1.0,6.0,20.0
416,2.0,0.0,30.0,0.0,0.0,0.0,0.0,1.0,7.0,1.0,6.0,20.0
417,2.0,0.0,30.0,0.0,1.0,0.0,0.0,1.0,7.0,1.0,6.0,20.0
418,2.0,0.0,30.0,0.0,2.0,0.0,0.0,1.0,7.0,1.0,6.0,20.0
419,2.0,0.0,30.0,0.0,3.0,0.0,0.0,1.0,7.0,1.0,6.0,20.0
420,0.0,0.0,30.0,0.0,0.0,0.0,0.0,1.0,7.0,1.0,7.4,20.0
421,0.0,0.0,30.0,0.0,1.0,0.0,0.0,1.0,7.0,1.0,7.4,20.0
422,0.0,0.0,30.0,0.0,2.0,0.0,0.0,1.0,7.0,1.0,7.4,20.0
423,0.0,0.0,30.0,0.0,3.0,0.0,0.0,1.0,7.0,1.0,7.4,20.0
424,1.0,0.0,30.0,0.0,0.0,0.0,0.0,1.0,7.0,1.0,7.4,20.0
425,1.0,0.0,30.0,0.0,1.0,0.0,0.0,1.0,7.0,1.0,7.4,20.0
426,1.0,0.0,30.0,0.0,2.0,0.0,0.0,1.0,7.0,1.0,7.4,20.0
427,1.0,0.0,30.0,0.0,3.0,0.0,0.0,1.0,7.0,1.0,7.4,20.0
428,2.0,0.0,30.0,0.0,0.0,0.0,0.0,1.0,7.0,1.0,7.4,20.0
429,2.0,0.0,30.0,0.0,1.0,0.0,0.0,1.0,7.0,1.0,7.4,20.0
430,2.0,0.0,30.0,0.0,2.0,0.0,0.0,1.0,7.0,1.0,7.4,20.0
431,2.0,0.0,30.0,0.0,3.0,0.0,0.0,1.0,7.0,1.0,7.4,20.0
432,0.0,0.0,30.0,0.0,0.0,0.0,1.0,0.0,3.0,0.1,6.0,20.0
433,0.0,0.0,30.0,0.0,1.0,0.0,1.0,0.0,3.0,0.1,6.0,20.0
434,0.0,0.0,30.0,0.0,2.0,0.0,1.0,0.0,3.0,0.1,6.0,20.0
435,0.0,0.0,30.0,0.0,3.0,0.0,1.0,0.0,3.0,0.1,6.0,20.0
436,1.0,0.0,30.0,0.0,0.0,0.0,1.0,0.0,3.0,0.1,6.0,20.0
437,1.0,0.0,30.0,0.0,1.0,0.0,1.0,0.0,3.0,0.1,6.0,20.0
438,1.0,0.0,30.0,0.0,2.0,0.0,1.0,0.0,3.0,0.1,6.0,20.0
439,1.0,0.0,30.0,0.0,3.0,0.0,1.0,0.0,3.0,0.1,6.0,20.0
440,2.0,0.0,30.0,0.0,0.0,0.0,1.0,0.0,3.0,0.1,6.0,20.0
441,2.0,0.0,30.0,0.0,1.0,0.0,1.0,0.0,3.0,0.1,6.0,20.0
442,2.0,0.0,30.0,0.0,2.0,0.0,1.0,0.0,3.0,0.1,6.0,20.0
443,2.0,0.0,30.0,0.0,3.0,0.0,1.0,0.0,3.0,0.1,6.0,20.0
444,0.0,0.0,30.0,0.0,0.0,0.0,1.0,0.0,3.0,0.1,7.4,20.0
445,0.0,0.0,30.0,0.0,1.0,0.0,1.0,0.0,3.0,0.1,7.4,20.0
446,0.0,0.0,30.0,0.0,2.0,0.0,1.0,0.0,3.0,0.1,7.4,20.0
447,0.0,0.0,30.0,0.0,3.0,0.0,1.0,0.0,3.0,0.1,7.4,20.0
448,1.0,0.0,30.0,0.0,0.0,0.0,1.0,0.0,3.0,0.1,7.4,20.0
449,1.0,0.0,30.0,0.0,1.0,0.0,1.0,0.0,3.0,0.1,7.4,20.0
450,1.0,0.0,30.0,0.0,2.0,0.0,1.0,0.0,3.0,0.1,7.4,20.0
451,1.0,0.0,30.0,0.0,3.0,0.0,1.0,0.0,3.0,0.1,7.4,20.0
452,2.0,0.0,30.0,0.0,0.0,0.0,1.0,0.0,3.0,0.1,7.4,20.0
453,2.0,0.0,30.0,0.0,1.0,0.0,1.0,0.0,3.0,0.1,7.4,20.0
454,2.0,0.0,30.0,0.0,2.0,0.0,1.0,0.0,3.0,0.1,7.4,20.0
455,2.0,0.0,30.0,0.0,3.0,0.0,1.0,0.0,3.0,0.1,7.4,20.0
456,0.0,0.0,30.0,0.0,0.0,0.0,1.0,0.0,3.0,0.5,6.0,20.0
457,0.0,0.0,30.0,0.0,1.0,0.0,1.0,0.0,3.0,0.5,6.0,20.0
458,0.0,0.0,30.0,0.0,2.0,0.0,1.0,0.0,3.0,0.5,6.0,20.0
459,0.0,0.0,30.0,0.0,3.0,0.0,1.0,0.0,3.0,0.5,6.0,20.0
460,1.0,0.0,30.0,0.0,0.0,0.0,1.0,0.0,3.0,0.5,6.0,20.0
461,1.0,0.0,30.0,0.0,1.0,0.0,1.0,0.0,3.0,0.5,6.0,20.0
462,1.0,0.0,30.0,0.0,2.0,0.0,1.0,0.0,3.0,0.5,6.0,20.0
463,1.0,0.0,30.0,0.0,3.0,0.0,1.0,0.0,3.0,0.5,6.0,20.0
464,2.0,0.0,30.0,0.0,0.0,0.0,1.0,0.0,3.0,0.5,6.0,20.0
465,2.0,0.0,30.0,0.0,1.0,0.0,1.0,0.0,3.0,0.5,6.0,20.0
466,2.0,0.0,30.0,0.0,2.0,0.0,1.0,0.0,3.0,0.5,6.0,20.0
467,2.0,0.0,30.0,0.0,3.0,0.0,1.0,0.0,3.0,0.5,6.0,20.0
468,0.0,0.0,30.0,0.0,0.0,0.0,1.0,0.0,3.0,0.5,7.4,20.0
469,0.0,0.0,30.0,0.0,1.0,0.0,1.0,0.0,3.0,0.5,7.4,20.0
470,0.0,0.0,30.0,0.0,2.0,0.0,1.0,0.0,3.0,0.5,7.4,20.0
471,0.0,0.0,30.0,0.0,3.0,0.0,1.0,0.0,3.0,0.5,7.4,20.0
472,1.0,0.0,30.0,0.0,0.0,0.0,1.0,0.0,3.0,0.5,7.4,20.0
473,1.0,0.0,30.0,0.0,1.0,0.0,1.0,0.0,3.0,0.5,7.4,20.0
474,1.0,0.0,30.0,0.0,2.0,0.0,1.0,0.0,3.0,0.5,7.4,20.0
475,1.0,0.0,30.0,0.0,3.0,0.0,1.0,0.0,3.0,0.5,7.4,20.0
476,2.0,0.0,30.0,0.0,0.0,0.0,1.0,0.0,3.0,0.5,7.4,20.0
477,2.0,0.0,30.0,0.0,1.0,0.0,1.0,0.0,3.0,0.5,7.4,20.0
478,2.0,0.0,30.0,0.0,2.0,0.0,1.0,0.0,3.0,0.5,7.4,20.0
479,2.0,0.0,30.0,0.0,3.0,0.0,1.0,0.0,3.0,0.5,7.4,20.0
480,0.0,0.0,30.0,0.0,0.0,0.0,1.0,0.0,3.0,1.0,6.0,20.0
481,0.0,0.0,30.0,0.0,1.0,0.0,1.0,0.0,3.0,1.0,6.0,20.0
482,0.0,0.0,30.0,0.0,2.0,0.0,1.0,0.0,3.0,1.0,6.0,20.0
483,0.0,0.0,30.0,0.0,3.0,0.0,1.0,0.0,3.0,1.0,6.0,20.0
484,1.0,0.0,30.0,0.0,0.0,0.0,1.0,0.0,3.0,1.0,6.0,20.0
485,1.0,0.0,30.0,0.0,1.0,0.0,1.0,0.0,3.0,1.0,6.0,20.0
486,1.0,0.0,30.0,0.0,2.0,0.0,1.0,0.0,3.0,1.0,6.0,20.0
487,1.0,0.0,30.0,0.0,3.0,0.0,1.0,0.0,3.0,1.0,6.0,20.0
488,2.0,0.0,30.0,0.0,0.0,0.0,1.0,0.0,3.0,1.0,6.0,20.0
489,2.0,0.0,30.0,0.0,1.0,0.0,1.0,0.0,3.0,1.0,6.0,20.0
490,2.0,0.0,30.0,0.0,2.0,0.0,1.0,0.0,3.0,1.0,6.0,20.0
491,2.0,0.0,30.0,0.0,3.0,0.0,1.0,0.0,3.0,1.0,6.0,20.0
492,0.0,0.0,30.0,0.0,0.0,0.0,1.0,0.0,3.0,1.0,7.4,20.0
493,0.0,0.0,30.0,0.0,1.0,0.0,1.0,0.0,3.0,1.0,7.4,20.0
494,0.0,0.0,30.0,0.0,2.0,0.0,1.0,0.0,3.0,1.0,7.4,20.0
495,0.0,0.0,30.0,0.0,3.0,0.0,1.0,0.0,3.0,1.0,7.4,20.0
496,1.0,0.0,30.0,0.0,0.0,0.0,1.0,0.0,3.0,1.0,7.4,20.0
497,1.0,0.0,30.0,0.0,1.0,0.0,1.0,0.0,3.0,1.0,7.4,20.0
498,1.0,0.0,30.0,0.0,2.0,0.0,1.0,0.0,3.0,1.0,7.4,20.0
499,1.0,0.0,30.0,0.0,3.0,0.0,1.0,0.0,3.0,1.0,7.4,20.0
500,2.0,0.0,30.0,0.0,0.0,0.0,1.0,0.0,3.0,1.0,7.4,20.0
501,2.0,0.0,30.0,0.0,1.0,0.0,1.0,0.0,3.0,1.0,7.4,20.0
502,2.0,0.0,30.0,0.0,2.0,0.0,1.0,0.0,3.0,1.0,7.4,20.0
503,2.0,0.0,30.0,0.0,3.0,0.0,1.0,0.0,3.0,1.0,7.4,20.0
504,0.0,0.0,30.0,0.0,0.0,0.0,1.0,0.0,7.0,0.1,6.0,20.0
505,0.0,0.0,30.0,0.0,1.0,0.0,1.0,0.0,7.0,0.1,6.0,20.0
506,0.0,0.0,30.0,0.0,2.0,0.0,1.0,0.0,7.0,0.1,6.0,20.0
507,0.0,0.0,30.0,0.0,3.0,0.0,1.0,0.0,7.0,0.1,6.0,20.0
508,1.0,0.0,30.0,0.0,0.0,0.0,1.0,0.0,7.0,0.1,6.0,20.0
509,1.0,0.0,30.0,0.0,1.0,0.0,1.0,0.0,7.0,0.1,6.0,20.0
510,1.0,0.0,30.0,0.0,2.0,0.0,1.0,0.0,7.0,0.1,6.0,20.0
511,1.0,0.0,30.0,0.0,3.0,0.0,1.0,0.0,7.0,0.1,6.0,20.0
512,2.0,0.0,30.0,0.0,0.0,0.0,1.0,0.0,7.0,0.1,6.0,20.0
513,2.0,0.0,30.0,0.0,1.0,0.0,1.0,0.0,7.0,0.1,6.0,20.0
514,2.0,0.0,30.0,0.0,2.0,0.0,1.0,0.0,7.0,0.1,6.0,20.0
515,2.0,0.0,30.0,0.0,3.0,0.0,1.0,0.0,7.0,0.1,6.0,20.0
516,0.0,0.0,30.0,0.0,0.0,0.0,1.0,0.0,7.0,0.1,7.4,20.0
517,0.0,0.0,30.0,0.0,1.0,0.0,1.0,0.0,7.0,0.1,7.4,20.0
518,0.0,0.0,30.0,0.0,2.0,0.0,1.0,0.0,7.0,0.1,7.4,20.0
519,0.0,0.0,30.0,0.0,3.0,0.0,1.0,0.0,7.0,0.1,7.4,20.0
520,1.0,0.0,30.0,0.0,0.0,0.0,1.0,0.0,7.0,0.1,7.4,20.0
521,1.0,0.0,30.0,0.0,1.0,0.0,1.0,0.0,7.0,0.1,7.4,20.0
522,1.0,0.0,30.0,0.0,2.0,0.0,1.0,0.0,7.0,0.1,7.4,20.0
523,1.0,0.0,30.0,0.0,3.0,0.0,1.0,0.0,7.0,0.1,7.4,20.0
524,2.0,0.0,30.0,0.0,0.0,0.0,1.0,0.0,7.0,0.1,7.4,20.0
525,2.0,0.0,30.0,0.0,1.0,0.0,1.0,0.0,7.0,0.1,7.4,20.0
526,2.0,0.0,30.0,0.0,2.0,0.0,1.0,0.0,7.0,0.1,7.4,20.0
527,2.0,0.0,30.0,0.0,3.0,0.0,1.0,0.0,7.0,0.1,7.4,20.0
528,0.0,0.0,30.0,0.0,0.0,0.0,1.0,0.0,7.0,0.5,6.0,20.0
529,0.0,0.0,30.0,0.0,1.0,0.0,1.0,0.0,7.0,0.5,6.0,20.0
530,0.0,0.0,30.0,0.0,2.0,0.0,1.0,0.0,7.0,0.5,6.0,20.0
531,0.0,0.0,30.0,0.0,3.0,0.0,1.0,0.0,7.0,0.5,6.0,20.0
532,1.0,0.0,30.0,0.0,0.0,0.0,1.0,0.0,7.0,0.5,6.0,20.0
533,1.0,0.0,30.0,0.0,1.0,0.0,1.0,0.0,7.0,0.5,6.0,20.0
534,1.0,0.0,30.0,0.0,2.0,0.0,1.0,0.0,7.0,0.5,6.0,20.0
535,1.0,0.0,30.0,0.0,3.0,0.0,1.0,0.0,7.0,0.5,6.0,20.0
536,2.0,0.0,30.0,0.0,0.0,0.0,1.0,0.0,7.0,0.5,6.0,20.0
537,2.0,0.0,30.0,0.0,1.0,0.0,1.0,0.0,7.0,0.5,6.0,20.0
538,2.0,0.0,30.0,0.0,2.0,0.0,1.0,0.0,7.0,0.5,6.0,20.0
539,2.0,0.0,30.0,0.0,3.0,0.0,1.0,0.0,7.0,0.5,6.0,20.0
540,0.0,0.0,30.0,0.0,0.0,0.0,1.0,0.0,7.0,0.5,7.4,20.0
541,0.0,0.0,30.0,0.0,1.0,0.0,1.0,0.0,7.0,0.5,7.4,20.0
542,0.0,0.0,30.0,0.0,2.0,0.0,1.0,0.0,7.0,0.5,7.4,20.0
543,0.0,0.0,30.0,0.0,3.0,0.0,1.0,0.0,7.0,0.5,7.4,20.0
544,1.0,0.0,30.0,0.0,0.0,0.0,1.0,0.0,7.0,0.5,7.4,20.0
545,1.0,0.0,30.0,0.0,1.0,0.0,1.0,0.0,7.0,0.5,7.4,20.0
546,1.0,0.0,30.0,0.0,2.0,0.0,1.0,0.0,7.0,0.5,7.4,20.0
547,1.0,0.0,30.0,0.0,3.0,0.0,1.0,0.0,7.0,0.5,7.4,20.0
548,2.0,0.0,30.0,0.0,0.0,0.0,1.0,0.0,7.0,0.5,7.4,20.0
549,2.0,0.0,30.0,0.0,1.0,0.0,1.0,0.0,7.0,0.5,7.4,20.0
550,2.0,0.0,30.0,0.0,2.0,0.0,1.0,0.0,7.0,0.5,7.4,20.0
551,2.0,0.0,30.0,0.0,3.0,0.0,1.0,0.0,7.0,0.5,7.4,20.0
552,0.0,0.0,30.0,0.0,0.0,0.0,1.0,0.0,7.0,1.0,6.0,20.0
553,0.0,0.0,30.0,0.0,1.0,0.0,1.0,0.0,7.0,1.0,6.0,20.0
554,0.0,0.0,30.0,0.0,2.0,0.0,1.0,0.0,7.0,1.0,6.0,20.0
555,0.0,0.0,30.0,0.0,3.0,0.0,1.0,0.0,7.0,1.0,6.0,20.0
556,1.0,0.0,30.0,0.0,0.0,0.0,1.0,0.0,7.0,1.0,6.0,20.0
557,1.0,0.0,30.0,0.0,1.0,0.0,1.0,0.0,7.0,1.0,6.0,20.0
558,1.0,0.0,30.0,0.0,2.0,0.0,1.0,0.0,7.0,1.0,6.0,20.0
559,1.0,0.0,30.0,0.0,3.0,0.0,1.0,0.0,7.0,1.0,6.0,20.0
560,2.0,0.0,30.0,0.0,0.0,0.0,1.0,0.0,7.0,1.0,6.0,20.0
561,2.0,0.0,30.0,0.0,1.0,0.0,1.0,0.0,7.0,1.0,6.0,20.0
562,2.0,0.0,30.0,0.0,2.0,0.0,1.0,0.0,7.0,1.0,6.0,20.0
563,2.0,0.0,30.0,0.0,3.0,0.0,1.0,0.0,7.0,1.0,6.0,20.0
564,0.0,0.0,30.0,0.0,0.0,0.0,1.0,0.0,7.0,1.0,7.4,20.0
565,0.0,0.0,30.0,0.0,1.0,0.0,1.0,0.0,7.0,1.0,7.4,20.0
566,0.0,0.0,30.0,0.0,2.0,0.0,1.0,0.0,7.0,1.0,7.4,20.0
567,0.0,0.0,30.0,0.0,3.0,0.0,1.0,0.0,7.0,1.0,7.4,20.0
568,1.0,0.0,30.0,0.0,0.0,0.0,1.0,0.0,7.0,1.0,7.4,20.0
569,1.0,0.0,30.0,0.0,1.0,0.0,1.0,0.0,7.0,1.0,7.4,20.0
570,1.0,0.0,30.0,0.0,2.0,0.0,1.0,0.0,7.0,1.0,7.4,20.0
571,1.0,0.0,30.0,0.0,3.0,0.0,1.0,0.0,7.0,1.0,7.4,20.0
572,2.0,0.0,30.0,0.0,0.0,0.0,1.0,0.0,7.0,1.0,7.4,20.0
573,2.0,0.0,30.0,0.0,1.0,0.0,1.0,0.0,7.0,1.0,7.4,20.0
574,2.0,0.0,30.0,0.0,2.0,0.0,1.0,0.0,7.0,1.0,7.4,20.0
575,2.0,0.0,30.0,0.0,3.0,0.0,1.0,0.0,7.0,1.0,7.4,20.0
576,0.0,0.0,30.0,0.0,0.0,0.0,1.0,0.5,3.0,0.1,6.0,20.0
577,0.0,0.0,30.0,0.0,1.0,0.0,1.0,0.5,3.0,0.1,6.0,20.0
578,0.0,0.0,30.0,0.0,2.0,0.0,1.0,0.5,3.0,0.1,6.0,20.0
579,0.0,0.0,30.0,0.0,3.0,0.0,1.0,0.5,3.0,0.1,6.0,20.0
580,1.0,0.0,30.0,0.0,0.0,0.0,1.0,0.5,3.0,0.1,6.0,20.0
581,1.0,0.0,30.0,0.0,1.0,0.0,1.0,0.5,3.0,0.1,6.0,20.0
582,1.0,0.0,30.0,0.0,2.0,0.0,1.0,0.5,3.0,0.1,6.0,20.0
583,1.0,0.0,30.0,0.0,3.0,0.0,1.0,0.5,3.0,0.1,6.0,20.0
584,2.0,0.0,30.0,0.0,0.0,0.0,1.0,0.5,3.0,0.1,6.0,20.0
585,2.0,0.0,30.0,0.0,1.0,0.0,1.0,0.5,3.0,0.1,6.0,20.0
586,2.0,0.0,30.0,0.0,2.0,0.0,1.0,0.5,3.0,0.1,6.0,20.0
587,2.0,0.0,30.0,0.0,3.0,0.0,1.0,0.5,3.0,0.1,6.0,20.0
588,0.0,0.0,30.0,0.0,0.0,0.0,1.0,0.5,3.0,0.1,7.4,20.0
589,0.0,0.0,30.0,0.0,1.0,0.0,1.0,0.5,3.0,0.1,7.4,20.0
590,0.0,0.0,30.0,0.0,2.0,0.0,1.0,0.5,3.0,0.1,7.4,20.0
591,0.0,0.0,30.0,0.0,3.0,0.0,1.0,0.5,3.0,0.1,7.4,20.0
592,1.0,0.0,30.0,0.0,0.0,0.0,1.0,0.5,3.0,0.1,7.4,20.0
593,1.0,0.0,30.0,0.0,1.0,0.0,1.0,0.5,3.0,0.1,7.4,20.0
594,1.0,0.0,30.0,0.0,2.0,0.0,1.0,0.5,3.0,0.1,7.4,20.0
595,1.0,0.0,30.0,0.0,3.0,0.0,1.0,0.5,3.0,0.1,7.4,20.0
596,2.0,0.0,30.0,0.0,0.0,0.0,1.0,0.5,3.0,0.1,7.4,20.0
597,2.0,0.0,30.0,0.0,1.0,0.0,1.0,0.5,3.0,0.1,7.4,20.0
598,2.0,0.0,30.0,0.0,2.0,0.0,1.0,0.5,3.0,0.1,7.4,20.0
599,2.0,0.0,30.0,0.0,3.0,0.0,1.0,0.5,3.0,0.1,7.4,20.0
600,0.0,0.0,30.0,0.0,0.0,0.0,1.0,0.5,3.0,0.5,6.0,20.0
601,0.0,0.0,30.0,0.0,1.0,0.0,1.0,0.5,3.0,0.5,6.0,20.0
602,0.0,0.0,30.0,0.0,2.0,0.0,1.0,0.5,3.0,0.5,6.0,20.0
603,0.0,0.0,30.0,0.0,3.0,0.0,1.0,0.5,3.0,0.5,6.0,20.0
604,1.0,0.0,30.0,0.0,0.0,0.0,1.0,0.5,3.0,0.5,6.0,20.0
605,1.0,0.0,30.0,0.0,1.0,0.0,1.0,0.5,3.0,0.5,6.0,20.0
606,1.0,0.0,30.0,0.0,2.0,0.0,1.0,0.5,3.0,0.5,6.0,20.0
607,1.0,0.0,30.0,0.0,3.0,0.0,1.0,0.5,3.0,0.5,6.0,20.0
608,2.0,0.0,30.0,0.0,0.0,0.0,1.0,0.5,3.0,0.5,6.0,20.0
609,2.0,0.0,30.0,0.0,1.0,0.0,1.0,0.5,3.0,0.5,6.0,20.0
610,2.0,0.0,30.0,0.0,2.0,0.0,1.0,0.5,3.0,0.5,6.0,20.0
611,2.0,0.0,30.0,0.0,3.0,0.0,1.0,0.5,3.0,0.5,6.0,20.0
612,0.0,0.0,30.0,0.0,0.0,0.0,1.0,0.5,3.0,0.5,7.4,20.0
613,0.0,0.0,30.0,0.0,1.0,0.0,1.0,0.5,3.0,0.5,7.4,20.0
614,0.0,0.0,30.0,0.0,2.0,0.0,1.0,0.5,3.0,0.5,7.4,20.0
615,0.0,0.0,30.0,0.0,3.0,0.0,1.0,0.5,3.0,0.5,7.4,20.0
616,1.0,0.0,30.0,0.0,0.0,0.0,1.0,0.5,3.0,0.5,7.4,20.0
617,1.0,0.0,30.0,0.0,1.0,0.0,1.0,0.5,3.0,0.5,7.4,20.0
618,1.0,0.0,30.0,0.0,2.0,0.0,1.0,0.5,3.0,0.5,7.4,20.0
619,1.0,0.0,30.0,0.0,3.0,0.0,1.0,0.5,3.0,0.5,7.4,20.0
620,2.0,0.0,30.0,0.0,0.0,0.0,1.0,0.5,3.0,0.5,7.4,20.0
621,2.0,0.0,30.0,0.0,1.0,0.0,1.0,0.5,3.0,0.5,7.4,20.0
622,2.0,0.0,30.0,0.0,2.0,0.0,1.0,0.5,3.0,0.5,7.4,20.0
623,2.0,0.0,30.0,0.0,3.0,0.0,1.0,0.5,3.0,0.5,7.4,20.0
624,0.0,0.0,30.0,0.0,0.0,0.0,1.0,0.5,3.0,1.0,6.0,20.0
625,0.0,0.0,30.0,0.0,1.0,0.0,1.0,0.5,3.0,1.0,6.0,20.0
626,0.0,0.0,30.0,0.0,2.0,0.0,1.0,0.5,3.0,1.0,6.0,20.0
627,0.0,0.0,30.0,0.0,3.0,0.0,1.0,0.5,3.0,1.0,6.0,20.0
628,1.0,0.0,30.0,0.0,0.0,0.0,1.0,0.5,3.0,1.0,6.0,20.0
629,1.0,0.0,30.0,0.0,1.0,0.0,1.0,0.5,3.0,1.0,6.0,20.0
630,1.0,0.0,30.0,0.0,2.0,0.0,1.0,0.5,3.0,1.0,6.0,20.0
631,1.0,0.0,30.0,0.0,3.0,0.0,1.0,0.5,3.0,1.0,6.0,20.0
632,2.0,0.0,30.0,0.0,0.0,0.0,1.0,0.5,3.0,1.0,6.0,20.0
633,2.0,0.0,30.0,0.0,1.0,0.0,1.0,0.5,3.0,1.0,6.0,20.0
634,2.0,0.0,30.0,0.0,2.0,0.0,1.0,0.5,3.0,1.0,6.0,20.0
635,2.0,0.0,30.0,0.0,3.0,0.0,1.0,0.5,3.0,1.0,6.0,20.0
636,0.0,0.0,30.0,0.0,0.0,0.0,1.0,0.5,3.0,1.0,7.4,20.0
637,0.0,0.0,30.0,0.0,1.0,0.0,1.0,0.5,3.0,1.0,7.4,20.0
638,0.0,0.0,30.0,0.0,2.0,0.0,1.0,0.5,3.0,1.0,7.4,20.0
639,0.0,0.0,30.0,0.0,3.0,0.0,1.0,0.5,3.0,1.0,7.4,20.0
640,1.0,0.0,30.0,0.0,0.0,0.0,1.0,0.5,3.0,1.0,7.4,20.0
641,1.0,0.0,30.0,0.0,1.0,0.0,1.0,0.5,3.0,1.0,7.4,20.0
642,1.0,0.0,30.0,0.0,2.0,0.0,1.0,0.5,3.0,1.0,7.4,20.0
643,1.0,0.0,30.0,0.0,3.0,0.0,1.0,0.5,3.0,1.0,7.4,20.0
644,2.0,0.0,30.0,0.0,0.0,0.0,1.0,0.5,3.0,1.0,7.4,20.0
645,2.0,0.0,30.0,0.0,1.0,0.0,1.0,0.5,3.0,1.0,7.4,20.0
646,2.0,0.0,30.0,0.0,2.0,0.0,1.0,0.5,3.0,1.0,7.4,20.0
647,2.0,0.0,30.0,0.0,3.0,0.0,1.0,0.5,3.0,1.0,7.4,20.0
648,0.0,0.0,30.0,0.0,0.0,0.0,1.0,0.5,7.0,0.1,6.0,20.0
649,0.0,0.0,30.0,0.0,1.0,0.0,1.0,0.5,7.0,0.1,6.0,20.0
650,0.0,0.0,30.0,0.0,2.0,0.0,1.0,0.5,7.0,0.1,6.0,20.0
651,0.0,0.0,30.0,0.0,3.0,0.0,1.0,0.5,7.0,0.1,6.0,20.0
652,1.0,0.0,30.0,0.0,0.0,0.0,1.0,0.5,7.0,0.1,6.0,20.0
653,1.0,0.0,30.0,0.0,1.0,0.0,1.0,0.5,7.0,0.1,6.0,20.0
654,1.0,0.0,30.0,0.0,2.0,0.0,1.0,0.5,7.0,0.1,6.0,20.0
655,1.0,0.0,30.0,0.0,3.0,0.0,1.0,0.5,7.0,0.1,6.0,20.0
656,2.0,0.0,30.0,0.0,0.0,0.0,1.0,0.5,7.0,0.1,6.0,20.0
657,2.0,0.0,30.0,0.0,1.0,0.0,1.0,0.5,7.0,0.1,6.0,20.0
658,2.0,0.0,30.0,0.0,2.0,0.0,1.0,0.5,7.0,0.1,6.0,20.0
659,2.0,0.0,30.0,0.0,3.0,0.0,1.0,0.5,7.0,0.1,6.0,20.0
660,0.0,0.0,30.0,0.0,0.0,0.0,1.0,0.5,7.0,0.1,7.4,20.0
661,0.0,0.0,30.0,0.0,1.0,0.0,1.0,0.5,7.0,0.1,7.4,20.0
662,0.0,0.0,30.0,0.0,2.0,0.0,1.0,0.5,7.0,0.1,7.4,20.0
663,0.0,0.0,30.0,0.0,3.0,0.0,1.0,0.5,7.0,0.1,7.4,20.0
664,1.0,0.0,30.0,0.0,0.0,0.0,1.0,0.5,7.0,0.1,7.4,20.0
665,1.0,0.0,30.0,0.0,1.0,0.0,1.0,0.5,7.0,0.1,7.4,20.0
666,1.0,0.0,30.0,0.0,2.0,0.0,1.0,0.5,7.0,0.1,7.4,20.0
667,1.0,0.0,30.0,0.0,3.0,0.0,1.0,0.5,7.0,0.1,7.4,20.0
668,2.0,0.0,30.0,0.0,0.0,0.0,1.0,0.5,7.0,0.1,7.4,20.0
669,2.0,0.0,30.0,0.0,1.0,0.0,1.0,0.5,7.0,0.1,7.4,20.0
670,2.0,0.0,30.0,0.0,2.0,0.0,1.0,0.5,7.0,0.1,7.4,20.0
671,2.0,0.0,30.0,0.0,3.0,0.0,1.0,0.5,7.0,0.1,7.4,20.0
672,0.0,0.0,30.0,0.0,0.0,0.0,1.0,0.5,7.0,0.5,6.0,20.0
673,0.0,0.0,30.0,0.0,1.0,0.0,1.0,0.5,7.0,0.5,6.0,20.0
674,0.0,0.0,30.0,0.0,2.0,0.0,1.0,0.5,7.0,0.5,6.0,20.0
675,0.0,0.0,30.0,0.0,3.0,0.0,1.0,0.5,7.0,0.5,6.0,20.0
676,1.0,0.0,30.0,0.0,0.0,0.0,1.0,0.5,7.0,0.5,6.0,20.0
677,1.0,0.0,30.0,0.0,1.0,0.0,1.0,0.5,7.0,0.5,6.0,20.0
678,1.0,0.0,30.0,0.0,2.0,0.0,1.0,0.5,7.0,0.5,6.0,20.0
679,1.0,0.0,30.0,0.0,3.0,0.0,1.0,0.5,7.0,0.5,6.0,20.0
680,2.0,0.0,30.0,0.0,0.0,0.0,1.0,0.5,7.0,0.5,6.0,20.0
681,2.0,0.0,30.0,0.0,1.0,0.0,1.0,0.5,7.0,0.5,6.0,20.0
682,2.0,0.0,30.0,0.0,2.0,0.0,1.0,0.5,7.0,0.5,6.0,20.0
683,2.0,0.0,30.0,0.0,3.0,0.0,1.0,0.5,7.0,0.5,6.0,20.0
684,0.0,0.0,30.0,0.0,0.0,0.0,1.0,0.5,7.0,0.5,7.4,20.0
685,0.0,0.0,30.0,0.0,1.0,0.0,1.0,0.5,7.0,0.5,7.4,20.0
686,0.0,0.0,30.0,0.0,2.0,0.0,1.0,0.5,7.0,0.5,7.4,20.0
687,0.0,0.0,30.0,0.0,3.0,0.0,1.0,0.5,7.0,0.5,7.4,20.0
688,1.0,0.0,30.0,0.0,0.0,0.0,1.0,0.5,7.0,0.5,7.4,20.0
689,1.0,0.0,30.0,0.0,1.0,0.0,1.0,0.5,7.0,0.5,7.4,20.0
690,1.0,0.0,30.0,0.0,2.0,0.0,1.0,0.5,7.0,0.5,7.4,20.0
691,1.0,0.0,30.0,0.0,3.0,0.0,1.0,0.5,7.0,0.5,7.4,20.0
692,2.0,0.0,30.0,0.0,0.0,0.0,1.0,0.5,7.0,0.5,7.4,20.0
693,2.0,0.0,30.0,0.0,1.0,0.0,1.0,0.5,7.0,0.5,7.4,20.0
694,2.0,0.0,30.0,0.0,2.0,0.0,1.0,0.5,7.0,0.5,7.4,20.0
695,2.0,0.0,30.0,0.0,3.0,0.0,1.0,0.5,7.0,0.5,7.4,20.0
696,0.0,0.0,30.0,0.0,0.0,0.0,1.0,0.5,7.0,1.0,6.0,20.0
697,0.0,0.0,30.0,0.0,1.0,0.0,1.0,0.5,7.0,1.0,6.0,20.0
698,0.0,0.0,30.0,0.0,2.0,0.0,1.0,0.5,7.0,1.0,6.0,20.0
699,0.0,0.0,30.0,0.0,3.0,0.0,1.0,0.5,7.0,1.0,6.0,20.0
700,1.0,0.0,30.0,0.0,0.0,0.0,1.0,0.5,7.0,1.0,6.0,20.0
701,1.0,0.0,30.0,0.0,1.0,0.0,1.0,0.5,7.0,1.0,6.0,20.0
702,1.0,0.0,30.0,0.0,2.0,0.0,1.0,0.5,7.0,1.0,6.0,20.0
703,1.0,0.0,30.0,0.0,3.0,0.0,1.0,0.5,7.0,1.0,6.0,20.0
704,2.0,0.0,30.0,0.0,0.0,0.0,1.0,0.5,7.0,1.0,6.0,20.0
705,2.0,0.0,30.0,0.0,1.0,0.0,1.0,0.5,7.0,1.0,6.0,20.0
706,2.0,0.0,30.0,0.0,2.0,0.0,1.0,0.5,7.0,1.0,6.0,20.0
707,2.0,0.0,30.0,0.0,3.0,0.0,1.0,0.5,7.0,1.0,6.0,20.0
708,0.0,0.0,30.0,0.0,0.0,0.0,1.0,0.5,7.0,1.0,7.4,20.0
709,0.0,0.0,30.0,0.0,1.0,0.0,1.0,0.5,7.0,1.0,7.4,20.0
710,0.0,0.0,30.0,0.0,2.0,0.0,1.0,0.5,7.0,1.0,7.4,20.0
711,0.0,0.0,30.0,0.0,3.0,0.0,1.0,0.5,7.0,1.0,7.4,20.0
712,1.0,0.0,30.0,0.0,0.0,0.0,1.0,0.5,7.0,1.0,7.4,20.0
713,1.0,0.0,30.0,0.0,1.0,0.0,1.0,0.5,7.0,1.0,7.4,20.0
714,1.0,0.0,30.0,0.0,2.0,0.0,1.0,0.5,7.0,1.0,7.4,20.0
715,1.0,0.0,30.0,0.0,3.0,0.0,1.0,0.5,7.0,1.0,7.4,20.0
716,2.0,0.0,30.0,0.0,0.0,0.0,1.0,0.5,7.0,1.0,7.4,20.0
717,2.0,0.0,30.0,0.0,1.0,0.0,1.0,0.5,7.0,1.0,7.4,20.0
718,2.0,0.0,30.0,0.0,2.0,0.0,1.0,0.5,7.0,1.0,7.4,20.0
719,2.0,0.0,30.0,0.0,3.0,0.0,1.0,0.5,7.0,1.0,7.4,20.0
720,0.0,0.0,30.0,0.0,0.0,0.0,1.0,1.0,3.0,0.1,6.0,20.0
721,0.0,0.0,30.0,0.0,1.0,0.0,1.0,1.0,3.0,0.1,6.0,20.0
722,0.0,0.0,30.0,0.0,2.0,0.0,1.0,1.0,3.0,0.1,6.0,20.0
723,0.0,0.0,30.0,0.0,3.0,0.0,1.0,1.0,3.0,0.1,6.0,20.0
724,1.0,0.0,30.0,0.0,0.0,0.0,1.0,1.0,3.0,0.1,6.0,20.0
725,1.0,0.0,30.0,0.0,1.0,0.0,1.0,1.0,3.0,0.1,6.0,20.0
726,1.0,0.0,30.0,0.0,2.0,0.0,1.0,1.0,3.0,0.1,6.0,20.0
727,1.0,0.0,30.0,0.0,3.0,0.0,1.0,1.0,3.0,0.1,6.0,20.0
728,2.0,0.0,30.0,0.0,0.0,0.0,1.0,1.0,3.0,0.1,6.0,20.0
729,2.0,0.0,30.0,0.0,1.0,0.0,1.0,1.0,3.0,0.1,6.0,20.0
730,2.0,0.0,30.0,0.0,2.0,0.0,1.0,1.0,3.0,0.1,6.0,20.0
731,2.0,0.0,30.0,0.0,3.0,0.0,1.0,1.0,3.0,0.1,6.0,20.0
732,0.0,0.0,30.0,0.0,0.0,0.0,1.0,1.0,3.0,0.1,7.4,20.0
733,0.0,0.0,30.0,0.0,1.0,0.0,1.0,1.0,3.0,0.1,7.4,20.0
734,0.0,0.0,30.0,0.0,2.0,0.0,1.0,1.0,3.0,0.1,7.4,20.0
735,0.0,0.0,30.0,0.0,3.0,0.0,1.0,1.0,3.0,0.1,7.4,20.0
736,1.0,0.0,30.0,0.0,0.0,0.0,1.0,1.0,3.0,0.1,7.4,20.0
737,1.0,0.0,30.0,0.0,1.0,0.0,1.0,1.0,3.0,0.1,7.4,20.0
738,1.0,0.0,30.0,0.0,2.0,0.0,1.0,1.0,3.0,0.1,7.4,20.0
739,1.0,0.0,30.0,0.0,3.0,0.0,1.0,1.0,3.0,0.1,7.4,20.0
740,2.0,0.0,30.0,0.0,0.0,0.0,1.0,1.0,3.0,0.1,7.4,20.0
741,2.0,0.0,30.0,0.0,1.0,0.0,1.0,1.0,3.0,0.1,7.4,20.0
742,2.0,0.0,30.0,0.0,2.0,0.0,1.0,1.0,3.0,0.1,7.4,20.0
743,2.0,0.0,30.0,0.0,3.0,0.0,1.0,1.0,3.0,0.1,7.4,20.0
744,0.0,0.0,30.0,0.0,0.0,0.0,1.0,1.0,3.0,0.5,6.0,20.0
745,0.0,0.0,30.0,0.0,1.0,0.0,1.0,1.0,3.0,0.5,6.0,20.0
746,0.0,0.0,30.0,0.0,2.0,0.0,1.0,1.0,3.0,0.5,6.0,20.0
747,0.0,0.0,30.0,0.0,3.0,0.0,1.0,1.0,3.0,0.5,6.0,20.0
748,1.0,0.0,30.0,0.0,0.0,0.0,1.0,1.0,3.0,0.5,6.0,20.0
749,1.0,0.0,30.0,0.0,1.0,0.0,1.0,1.0,3.0,0.5,6.0,20.0
750,1.0,0.0,30.0,0.0,2.0,0.0,1.0,1.0,3.0,0.5,6.0,20.0
751,1.0,0.0,30.0,0.0,3.0,0.0,1.0,1.0,3.0,0.5,6.0,20.0
752,2.0,0.0,30.0,0.0,0.0,0.0,1.0,1.0,3.0,0.5,6.0,20.0
753,2.0,0.0,30.0,0.0,1.0,0.0,1.0,1.0,3.0,0.5,6.0,20.0
754,2.0,0.0,30.0,0.0,2.0,0.0,1.0,1.0,3.0,0.5,6.0,20.0
755,2.0,0.0,30.0,0.0,3.0,0.0,1.0,1.0,3.0,0.5,6.0,20.0
756,0.0,0.0,30.0,0.0,0.0,0.0,1.0,1.0,3.0,0.5,7.4,20.0
757,0.0,0.0,30.0,0.0,1.0,0.0,1.0,1.0,3.0,0.5,7.4,20.0
758,0.0,0.0,30.0,0.0,2.0,0.0,1.0,1.0,3.0,0.5,7.4,20.0
759,0.0,0.0,30.0,0.0,3.0,0.0,1.0,1.0,3.0,0.5,7.4,20.0
760,1.0,0.0,30.0,0.0,0.0,0.0,1.0,1.0,3.0,0.5,7.4,20.0
761,1.0,0.0,30.0,0.0,1.0,0.0,1.0,1.0,3.0,0.5,7.4,20.0
762,1.0,0.0,30.0,0.0,2.0,0.0,1.0,1.0,3.0,0.5,7.4,20.0
763,1.0,0.0,30.0,0.0,3.0,0.0,1.0,1.0,3.0,0.5,7.4,20.0
764,2.0,0.0,30.0,0.0,0.0,0.0,1.0,1.0,3.0,0.5,7.4,20.0
765,2.0,0.0,30.0,0.0,1.0,0.0,1.0,1.0,3.0,0.5,7.4,20.0
766,2.0,0.0,30.0,0.0,2.0,0.0,1.0,1.0,3.0,0.5,7.4,20.0
767,2.0,0.0,30.0,0.0,3.0,0.0,1.0,1.0,3.0,0.5,7.4,20.0
768,0.0,0.0,30.0,0.0,0.0,0.0,1.0,1.0,3.0,1.0,6.0,20.0
769,0.0,0.0,30.0,0.0,1.0,0.0,1.0,1.0,3.0,1.0,6.0,20.0
770,0.0,0.0,30.0,0.0,2.0,0.0,1.0,1.0,3.0,1.0,6.0,20.0
771,0.0,0.0,30.0,0.0,3.0,0.0,1.0,1.0,3.0,1.0,6.0,20.0
772,1.0,0.0,30.0,0.0,0.0,0.0,1.0,1.0,3.0,1.0,6.0,20.0
773,1.0,0.0,30.0,0.0,1.0,0.0,1.0,1.0,3.0,1.0,6.0,20.0
774,1.0,0.0,30.0,0.0,2.0,0.0,1.0,1.0,3.0,1.0,6.0,20.0
775,1.0,0.0,30.0,0.0,3.0,0.0,1.0,1.0,3.0,1.0,6.0,20.0
776,2.0,0.0,30.0,0.0,0.0,0.0,1.0,1.0,3.0,1.0,6.0,20.0
777,2.0,0.0,30.0,0.0,1.0,0.0,1.0,1.0,3.0,1.0,6.0,20.0
778,2.0,0.0,30.0,0.0,2.0,0.0,1.0,1.0,3.0,1.0,6.0,20.0
779,2.0,0.0,30.0,0.0,3.0,0.0,1.0,1.0,3.0,1.0,6.0,20.0
780,0.0,0.0,30.0,0.0,0.0,0.0,1.0,1.0,3.0,1.0,7.4,20.0
781,0.0,0.0,30.0,0.0,1.0,0.0,1.0,1.0,3.0,1.0,7.4,20.0
782,0.0,0.0,30.0,0.0,2.0,0.0,1.0,1.0,3.0,1.0,7.4,20.0
783,0.0,0.0,30.0,0.0,3.0,0.0,1.0,1.0,3.0,1.0,7.4,20.0
784,1.0,0.0,30.0,0.0,0.0,0.0,1.0,1.0,3.0,1.0,7.4,20.0
785,1.0,0.0,30.0,0.0,1.0,0.0,1.0,1.0,3.0,1.0,7.4,20.0
786,1.0,0.0,30.0,0.0,2.0,0.0,1.0,1.0,3.0,1.0,7.4,20.0
787,1.0,0.0,30.0,0.0,3.0,0.0,1.0,1.0,3.0,1.0,7.4,20.0
788,2.0,0.0,30.0,0.0,0.0,0.0,1.0,1.0,3.0,1.0,7.4,20.0
789,2.0,0.0,30.0,0.0,1.0,0.0,1.0,1.0,3.0,1.0,7.4,20.0
790,2.0,0.0,30.0,0.0,2.0,0.0,1.0,1.0,3.0,1.0,7.4,20.0
791,2.0,0.0,30.0,0.0,3.0,0.0,1.0,1.0,3.0,1.0,7.4,20.0
792,0.0,0.0,30.0,0.0,0.0,0.0,1.0,1.0,7.0,0.1,6.0,20.0
793,0.0,0.0,30.0,0.0,1.0,0.0,1.0,1.0,7.0,0.1,6.0,20.0
794,0.0,0.0,30.0,0.0,2.0,0.0,1.0,1.0,7.0,0.1,6.0,20.0
795,0.0,0.0,30.0,0.0,3.0,0.0,1.0,1.0,7.0,0.1,6.0,20.0
796,1.0,0.0,30.0,0.0,0.0,0.0,1.0,1.0,7.0,0.1,6.0,20.0
797,1.0,0.0,30.0,0.0,1.0,0.0,1.0,1.0,7.0,0.1,6.0,20.0
798,1.0,0.0,30.0,0.0,2.0,0.0,1.0,1.0,7.0,0.1,6.0,20.0
799,1.0,0.0,30.0,0.0,3.0,0.0,1.0,1.0,7.0,0.1,6.0,20.0
800,2.0,0.0,30.0,0.0,0.0,0.0,1.0,1.0,7.0,0.1,6.0,20.0
801,2.0,0.0,30.0,0.0,1.0,0.0,1.0,1.0,7.0,0.1,6.0,20.0
802,2.0,0.0,30.0,0.0,2.0,0.0,1.0,1.0,7.0,0.1,6.0,20.0
803,2.0,0.0,30.0,0.0,3.0,0.0,1.0,1.0,7.0,0.1,6.0,20.0
804,0.0,0.0,30.0,0.0,0.0,0.0,1.0,1.0,7.0,0.1,7.4,20.0
805,0.0,0.0,30.0,0.0,1.0,0.0,1.0,1.0,7.0,0.1,7.4,20.0
806,0.0,0.0,30.0,0.0,2.0,0.0,1.0,1.0,7.0,0.1,7.4,20.0
807,0.0,0.0,30.0,0.0,3.0,0.0,1.0,1.0,7.0,0.1,7.4,20.0
808,1.0,0.0,30.0,0.0,0.0,0.0,1.0,1.0,7.0,0.1,7.4,20.0
809,1.0,0.0,30.0,0.0,1.0,0.0,1.0,1.0,7.0,0.1,7.4,20.0
810,1.0,0.0,30.0,0.0,2.0,0.0,1.0,1.0,7.0,0.1,7.4,20.0
811,1.0,0.0,30.0,0.0,3.0,0.0,1.0,1.0,7.0,0.1,7.4,20.0
812,2.0,0.0,30.0,0.0,0.0,0.0,1.0,1.0,7.0,0.1,7.4,20.0
813,2.0,0.0,30.0,0.0,1.0,0.0,1.0,1.0,7.0,0.1,7.4,20.0
814,2.0,0.0,30.0,0.0,2.0,0.0,1.0,1.0,7.0,0.1,7.4,20.0
815,2.0,0.0,30.0,0.0,3.0,0.0,1.0,1.0,7.0,0.1,7.4,20.0
816,0.0,0.0,30.0,0.0,0.0,0.0,1.0,1.0,7.0,0.5,6.0,20.0
817,0.0,0.0,30.0,0.0,1.0,0.0,1.0,1.0,7.0,0.5,6.0,20.0
818,0.0,0.0,30.0,0.0,2.0,0.0,1.0,1.0,7.0,0.5,6.0,20.0
819,0.0,0.0,30.0,0.0,3.0,0.0,1.0,1.0,7.0,0.5,6.0,20.0
820,1.0,0.0,30.0,0.0,0.0,0.0,1.0,1.0,7.0,0.5,6.0,20.0
821,1.0,0.0,30.0,0.0,1.0,0.0,1.0,1.0,7.0,0.5,6.0,20.0
822,1.0,0.0,30.0,0.0,2.0,0.0,1.0,1.0,7.0,0.5,6.0,20.0
823,1.0,0.0,30.0,0.0,3.0,0.0,1.0,1.0,7.0,0.5,6.0,20.0
824,2.0,0.0,30.0,0.0,0.0,0.0,1.0,1.0,7.0,0.5,6.0,20.0
825,2.0,0.0,30.0,0.0,1.0,0.0,1.0,1.0,7.0,0.5,6.0,20.0
826,2.0,0.0,30.0,0.0,2.0,0.0,1.0,1.0,7.0,0.5,6.0,20.0
827,2.0,0.0,30.0,0.0,3.0,0.0,1.0,1.0,7.0,0.5,6.0,20.0
828,0.0,0.0,30.0,0.0,0.0,0.0,1.0,1.0,7.0,0.5,7.4,20.0
829,0.0,0.0,30.0,0.0,1.0,0.0,1.0,1.0,7.0,0.5,7.4,20.0
830,0.0,0.0,30.0,0.0,2.0,0.0,1.0,1.0,7.0,0.5,7.4,20.0
831,0.0,0.0,30.0,0.0,3.0,0.0,1.0,1.0,7.0,0.5,7.4,20.0
832,1.0,0.0,30.0,0.0,0.0,0.0,1.0,1.0,7.0,0.5,7.4,20.0
833,1.0,0.0,30.0,0.0,1.0,0.0,1.0,1.0,7.0,0.5,7.4,20.0
834,1.0,0.0,30.0,0.0,2.0,0.0,1.0,1.0,7.0,0.5,7.4,20.0
835,1.0,0.0,30.0,0.0,3.0,0.0,1.0,1.0,7.0,0.5,7.4,20.0
836,2.0,0.0,30.0,0.0,0.0,0.0,1.0,1.0,7.0,0.5,7.4,20.0
837,2.0,0.0,30.0,0.0,1.0,0.0,1.0,1.0,7.0,0.5,7.4,20.0
838,2.0,0.0,30.0,0.0,2.0,0.0,1.0,1.0,7.0,0.5,7.4,20.0
839,2.0,0.0,30.0,0.0,3.0,0.0,1.0,1.0,7.0,0.5,7.4,20.0
840,0.0,0.0,30.0,0.0,0.0,0.0,1.0,1.0,7.0,1.0,6.0,20.0
841,0.0,0.0,30.0,0.0,1.0,0.0,1.0,1.0,7.0,1.0,6.0,20.0
842,0.0,0.0,30.0,0.0,2.0,0.0,1.0,1.0,7.0,1.0,6.0,20.0
843,0.0,0.0,30.0,0.0,3.0,0.0,1.0,1.0,7.0,1.0,6.0,20.0
844,1.0,0.0,30.0,0.0,0.0,0.0,1.0,1.0,7.0,1.0,6.0,20.0
845,1.0,0.0,30.0,0.0,1.0,0.0,1.0,1.0,7.0,1.0,6.0,20.0
846,1.0,0.0,30.0,0.0,2.0,0.0,1.0,1.0,7.0,1.0,6.0,20.0
847,1.0,0.0,30.0,0.0,3.0,0.0,1.0,1.0,7.0,1.0,6.0,20.0
848,2.0,0.0,30.0,0.0,0.0,0.0,1.0,1.0,7.0,1.0,6.0,20.0
849,2.0,0.0,30.0,0.0,1.0,0.0,1.0,1.0,7.0,1.0,6.0,20.0
850,2.0,0.0,30.0,0.0,2.0,0.0,1.0,1.0,7.0,1.0,6.0,20.0
851,2.0,0.0,30.0,0.0,3.0,0.0,1.0,1.0,7.0,1.0,6.0,20.0
852,0.0,0.0,30.0,0.0,0.0,0.0,1.0,1.0,7.0,1.0,7.4,20.0
853,0.0,0.0,30.0,0.0,1.0,0.0,1.0,1.0,7.0,1.0,7.4,20.0
854,0.0,0.0,30.0,0.0,2.0,0.0,1.0,1.0,7.0,1.0,7.4,20.0
855,0.0,0.0,30.0,0.0,3.0,0.0,1.0,1.0,7.0,1.0,7.4,20.0
856,1.0,0.0,30.0,0.0,0.0,0.0,1.0,1.0,7.0,1.0,7.4,20.0
857,1.0,0.0,30.0,0.0,1.0,0.0,1.0,1.0,7.0,1.0,7.4,20.0
858,1.0,0.0,30.0,0.0,2.0,0.0,1.0,1.0,7.0,1.0,7.4,20.0
859,1.0,0.0,30.0,0.0,3.0,0.0,1.0,1.0,7.0,1.0,7.4,20.0
860,2.0,0.0,30.0,0.0,0.0,0.0,1.0,1.0,7.0,1.0,7.4,20.0
861,2.0,0.0,30.0,0.0,1.0,0.0,1.0,1.0,7.0,1.0,7.4,20.0
862,2.0,0.0,30.0,0.0,2.0,0.0,1.0,1.0,7.0,1.0,7.4,20.0
863,2.0,0.0,30.0,0.0,3.0,0.0,1.0,1.0,7.0,1.0,7.4,20.0
